,Daily
2014-12-01,642
2014-12-02,874
2014-12-03,1007
2014-12-04,961
2014-12-05,948
2014-12-06,592
2014-12-07,506
2014-12-08,922
2014-12-09,975
2014-12-10,1042
2014-12-11,1037
2014-12-12,1057
2014-12-13,608
2014-12-14,541
2014-12-15,1120
2014-12-16,1015
2014-12-17,1043
2014-12-18,1038
2014-12-19,1006
2014-12-20,656
2014-12-21,486
2014-12-22,864
2014-12-23,835
2014-12-24,520
2014-12-25,234
2014-12-26,558
2014-12-27,446
2014-12-28,433
2014-12-29,730
2014-12-30,726
2014-12-31,545
2015-01-01,289
2015-01-02,662
2015-01-03,537
2015-01-04,582
2015-01-05,981
2015-01-06,970
2015-01-07,1165
2015-01-08,1186
2015-01-09,1189
2015-01-10,768
2015-01-11,629
2015-01-12,1134
2015-01-13,1241
2015-01-14,1173
2015-01-15,1252
2015-01-16,1247
2015-01-17,837
2015-01-18,638
2015-01-19,1303
2015-01-20,1326
2015-01-21,1293
2015-01-22,1338
2015-01-23,1358
2015-01-24,835
2015-01-25,733
2015-01-26,1215
2015-01-27,1305
2015-01-28,1384
2015-01-29,1459
2015-01-30,1323
2015-01-31,792
2015-02-01,564
2015-02-02,500
2015-02-03,1292
2015-02-04,1304
2015-02-05,1429
2015-02-06,1328
2015-02-07,949
2015-02-08,600
2015-02-09,1320
2015-02-10,1478
2015-02-11,1491
2015-02-12,1269
2015-02-13,978
2015-02-14,847
2015-02-15,604
2015-02-16,1426
2015-02-17,1500
2015-02-18,1483
2015-02-19,1449
2015-02-20,1397
2015-02-21,861
2015-02-22,709
2015-02-23,1357
2015-02-24,1487
2015-02-25,1445
2015-02-26,1407
2015-02-27,1460
2015-02-28,853
2015-03-01,606
2015-03-02,1443
2015-03-03,1555
2015-03-04,1445
2015-03-05,1521
2015-03-06,1575
2015-03-07,905
2015-03-08,688
2015-03-09,1279
2015-03-10,972
2015-03-11,1496
2015-03-12,1414
2015-03-13,1440
2015-03-14,579
2015-03-15,258
2015-03-16,158
2015-03-17,1206
2015-03-18,1465
2015-03-19,1481
2015-03-20,1435
2015-03-21,1057
2015-03-22,827
2015-03-23,1512
2015-03-24,1523
2015-03-25,1497
2015-03-26,1441
2015-03-27,1441
2015-03-28,937
2015-03-29,661
2015-03-30,1099
2015-03-31,1180
2015-04-01,1121
2015-04-02,651
2015-04-03,508
2015-04-04,428
2015-04-05,596
2015-04-06,1131
2015-04-07,1255
2015-04-08,1251
2015-04-09,1219
2015-04-10,1236
2015-04-11,866
2015-04-12,711
2015-04-13,1452
2015-04-14,1515
2015-04-15,1551
2015-04-16,1479
2015-04-17,1487
2015-04-18,942
2015-04-19,695
2015-04-20,1474
2015-04-21,1537
2015-04-22,1436
2015-04-23,1423
2015-04-24,1456
2015-04-25,903
2015-04-26,666
2015-04-27,1448
2015-04-28,1468
2015-04-29,1449
2015-04-30,1509
2015-05-01,609
2015-05-02,786
2015-05-03,587
2015-05-04,1322
2015-05-05,1368
2015-05-06,1603
2015-05-07,1465
2015-05-08,1445
2015-05-09,904
2015-05-10,545
2015-05-11,1402
2015-05-12,1397
2015-05-13,1536
2015-05-14,1455
2015-05-15,1324
2015-05-16,940
2015-05-17,583
2015-05-18,1497
2015-05-19,1572
2015-05-20,1556
2015-05-21,1590
2015-05-22,1402
2015-05-23,955
2015-05-24,700
2015-05-25,1473
2015-05-26,1530
2015-05-27,1425
2015-05-28,1419
2015-05-29,1304
2015-05-30,965
2015-05-31,681
2015-06-01,1473
2015-06-02,1552
2015-06-03,1567
2015-06-04,1532
2015-06-05,1504
2015-06-06,869
2015-06-07,705
2015-06-08,1442
2015-06-09,1528
2015-06-10,1472
2015-06-11,1451
2015-06-12,1369
2015-06-13,815
2015-06-14,734
2015-06-15,1305
2015-06-16,1437
2015-06-17,1496
2015-06-18,1537
2015-06-19,1254
2015-06-20,748
2015-06-21,628
2015-06-22,1468
2015-06-23,1374
2015-06-24,1425
2015-06-25,1299
2015-06-26,1371
2015-06-27,857
2015-06-28,579
2015-06-29,1311
2015-06-30,1545
2015-07-01,1600
2015-07-02,1414
2015-07-03,1374
2015-07-04,761
2015-07-05,766
2015-07-06,1337
2015-07-07,1316
2015-07-08,1385
2015-07-09,1398
2015-07-10,1367
2015-07-11,851
2015-07-12,750
2015-07-13,1374
2015-07-14,1457
2015-07-15,1587
2015-07-16,1510
2015-07-17,1384
2015-07-18,806
2015-07-19,591
2015-07-20,1352
2015-07-21,1320
2015-07-22,1407
2015-07-23,1277
2015-07-24,1300
2015-07-25,831
2015-07-26,668
2015-07-27,1248
2015-07-28,1561
2015-07-29,1421
2015-07-30,1473
2015-07-31,1304
2015-08-01,929
2015-08-02,677
2015-08-03,1449
2015-08-04,1381
2015-08-05,1452
2015-08-06,1481
2015-08-07,1376
2015-08-08,834
2015-08-09,645
2015-08-10,1168
2015-08-11,1466
2015-08-12,1465
2015-08-13,1382
2015-08-14,1429
2015-08-15,936
2015-08-16,648
2015-08-17,1505
2015-08-18,1578
2015-08-19,1710
2015-08-20,1569
2015-08-21,1634
2015-08-22,983
2015-08-23,641
2015-08-24,1629
2015-08-25,1699
2015-08-26,1705
2015-08-27,1596
2015-08-28,1570
2015-08-29,925
2015-08-30,797
2015-08-31,1574
2015-09-01,1513
2015-09-02,1695
2015-09-03,1588
2015-09-04,1595
2015-09-05,913
2015-09-06,786
2015-09-07,1739
2015-09-08,1745
2015-09-09,1676
2015-09-10,1510
2015-09-11,1521
2015-09-12,994
2015-09-13,812
2015-09-14,1656
2015-09-15,1584
2015-09-16,697
2015-09-17,1747
2015-09-18,1697
2015-09-19,1091
2015-09-20,867
2015-09-21,1789
2015-09-22,1865
2015-09-23,1809
2015-09-24,1851
2015-09-25,1602
2015-09-26,1169
2015-09-27,936
2015-09-28,1751
2015-09-29,1839
2015-09-30,1963
2015-10-01,1891
2015-10-02,1816
2015-10-03,1173
2015-10-04,946
2015-10-05,1749
2015-10-06,1911
2015-10-07,1946
2015-10-08,1828
2015-10-09,1729
2015-10-10,1063
2015-10-11,952
2015-10-12,1225
2015-10-13,1993
2015-10-14,2023
2015-10-15,1911
2015-10-16,1785
2015-10-17,1095
2015-10-18,871
2015-10-19,1836
2015-10-20,1999
2015-10-21,1994
2015-10-22,1798
2015-10-23,524
2015-10-24,779
2015-10-25,902
2015-10-26,1855
2015-10-27,1966
2015-10-28,1922
2015-10-29,1970
2015-10-30,1067
2015-10-31,1129
2015-11-01,842
2015-11-02,1378
2015-11-03,1936
2015-11-04,1980
2015-11-05,1932
2015-11-06,1913
2015-11-07,1224
2015-11-08,895
2015-11-09,1862
2015-11-10,2006
2015-11-11,2038
2015-11-12,1933
2015-11-13,1978
2015-11-14,1244
2015-11-15,885
2015-11-16,929
2015-11-17,1936
2015-11-18,2037
2015-11-19,1979
2015-11-20,1958
2015-11-21,1280
2015-11-22,926
2015-11-23,1931
2015-11-24,2035
2015-11-25,2094
2015-11-26,1822
2015-11-27,1559
2015-11-28,1220
2015-11-29,896
2015-11-30,1978
2015-12-01,2044
2015-12-02,1985
2015-12-03,2019
2015-12-04,1769
2015-12-05,1106
2015-12-06,803
2015-12-07,1798
2015-12-08,1935
2015-12-09,1860
2015-12-10,1843
2015-12-11,1653
2015-12-12,754
2015-12-13,798
2015-12-14,1634
2015-12-15,1799
2015-12-16,1717
2015-12-17,1700
2015-12-18,1543
2015-12-19,956
2015-12-20,737
2015-12-21,1290
2015-12-22,1310
2015-12-23,1319
2015-12-24,687
2015-12-25,279
2015-12-26,583
2015-12-27,688
2015-12-28,1134
2015-12-29,1126
2015-12-30,1087
2015-12-31,741
2016-01-01,351
2016-01-02,728
2016-01-03,856
2016-01-04,1450
2016-01-05,1527
2016-01-06,1635
2016-01-07,1698
2016-01-08,1627
2016-01-09,950
2016-01-10,842
2016-01-11,1754
2016-01-12,1716
2016-01-13,1615
2016-01-14,1814
2016-01-15,1799
2016-01-16,1037
2016-01-17,898
2016-01-18,1881
2016-01-19,1999
2016-01-20,1893
2016-01-21,1934
2016-01-22,1852
2016-01-23,1112
2016-01-24,936
2016-01-25,1827
2016-01-26,1922
2016-01-27,2039
2016-01-28,1881
2016-01-29,1835
2016-01-30,1125
2016-01-31,784
2016-02-01,796
2016-02-02,1898
2016-02-03,1922
2016-02-04,1987
2016-02-05,1960
2016-02-06,1177
2016-02-07,820
2016-02-08,1820
2016-02-09,1922
2016-02-10,1886
2016-02-11,1925
2016-02-12,1974
2016-02-13,1103
2016-02-14,942
2016-02-15,1939
2016-02-16,1927
2016-02-17,2077
2016-02-18,1994
2016-02-19,1915
2016-02-20,1156
2016-02-21,838
2016-02-22,1956
2016-02-23,2015
2016-02-24,2131
2016-02-25,2047
2016-02-26,1883
2016-02-27,1122
2016-02-28,892
2016-02-29,2017
2016-03-01,2203
2016-03-02,2210
2016-03-03,2082
2016-03-04,2014
2016-03-05,1308
2016-03-06,1014
2016-03-07,2142
2016-03-08,2280
2016-03-09,1307
2016-03-10,2002
2016-03-11,1945
2016-03-12,1212
2016-03-13,896
2016-03-14,2135
2016-03-15,2235
2016-03-16,2261
2016-03-17,2259
2016-03-18,2156
2016-03-19,1202
2016-03-20,864
2016-03-21,1042
2016-03-22,1404
2016-03-23,1387
2016-03-24,899
2016-03-25,679
2016-03-26,711
2016-03-27,805
2016-03-28,1781
2016-03-29,1794
2016-03-30,1745
2016-03-31,1792
2016-04-01,1815
2016-04-02,1171
2016-04-03,916
2016-04-04,1898
2016-04-05,2217
2016-04-06,2312
2016-04-07,2288
2016-04-08,2212
2016-04-09,1310
2016-04-10,983
2016-04-11,2223
2016-04-12,2315
2016-04-13,2275
2016-04-14,2361
2016-04-15,2149
2016-04-16,1357
2016-04-17,1005
2016-04-18,2318
2016-04-19,2399
2016-04-20,2265
2016-04-21,2344
2016-04-22,2227
2016-04-23,1387
2016-04-24,1133
2016-04-25,2236
2016-04-26,2304
2016-04-27,2372
2016-04-28,2299
2016-04-29,2265
2016-04-30,1394
2016-05-01,0
2016-05-02,0
2016-05-03,0
2016-05-04,0
2016-05-05,0
2016-05-06,0
2016-05-07,0
2016-05-08,0
2016-05-09,0
2016-05-10,0
2016-05-11,0
2016-05-12,0
2016-05-13,0
2016-05-14,0
2016-05-15,0
2016-05-16,0
2016-05-17,0
2016-05-18,0
2016-05-19,0
2016-05-20,0
2016-05-21,0
2016-05-22,0
2016-05-23,0
2016-05-24,0
2016-05-25,0
2016-05-26,0
2016-05-27,0
2016-05-28,0
2016-05-29,0
2016-05-30,0
2016-05-31,0
2016-06-01,2429
2016-06-02,2254
2016-06-03,2206
2016-06-04,1405
2016-06-05,1057
2016-06-06,2203
2016-06-07,2419
2016-06-08,2379
2016-06-09,2383
2016-06-10,2281
2016-06-11,1450
2016-06-12,992
2016-06-13,2250
2016-06-14,2200
2016-06-15,2379
2016-06-16,2379
2016-06-17,2198
2016-06-18,1314
2016-06-19,1017
2016-06-20,2334
2016-06-21,2213
2016-06-22,2369
2016-06-23,2235
2016-06-24,2134
2016-06-25,1264
2016-06-26,1196
2016-06-27,2113
2016-06-28,2457
2016-06-29,2420
2016-06-30,2370
2016-07-01,2268
2016-07-02,1314
2016-07-03,1099
2016-07-04,2263
2016-07-05,2082
2016-07-06,2237
2016-07-07,2207
2016-07-08,2250
2016-07-09,1492
2016-07-10,1177
2016-07-11,2023
2016-07-12,2236
2016-07-13,2252
2016-07-14,2067
2016-07-15,2143
2016-07-16,1449
2016-07-17,964
2016-07-18,2242
2016-07-19,2342
2016-07-20,2177
2016-07-21,2206
2016-07-22,1996
2016-07-23,1280
2016-07-24,1107
2016-07-25,2175
2016-07-26,2092
2016-07-27,1929
2016-07-28,1727
2016-07-29,1976
2016-07-30,1360
2016-07-31,1192
2016-08-01,2216
2016-08-02,2249
2016-08-03,2190
2016-08-04,2233
2016-08-05,2033
2016-08-06,1224
2016-08-07,1087
2016-08-08,1947
2016-08-09,2236
2016-08-10,2162
2016-08-11,1911
2016-08-12,2112
2016-08-13,1429
2016-08-14,1148
2016-08-15,2352
2016-08-16,2451
2016-08-17,2436
2016-08-18,2833
2016-08-19,3292
2016-08-20,2065
2016-08-21,1492
2016-08-22,2788
2016-08-23,3362
2016-08-24,2929
2016-08-25,3553
2016-08-26,3595
2016-08-27,2175
2016-08-28,1995
2016-08-29,3734
2016-08-30,3836
2016-08-31,4153
2016-09-01,3567
2016-09-02,4024
2016-09-03,2461
2016-09-04,2103
2016-09-05,3268
2016-09-06,4213
2016-09-07,4351
2016-09-08,4208
2016-09-09,3945
2016-09-10,2546
2016-09-11,2531
2016-09-12,4153
2016-09-13,4377
2016-09-14,4459
2016-09-15,4052
2016-09-16,1888
2016-09-17,2209
2016-09-18,2344
2016-09-19,3972
2016-09-20,4448
2016-09-21,4504
2016-09-22,4663
2016-09-23,4160
2016-09-24,2599
2016-09-25,2257
2016-09-26,4424
2016-09-27,4418
2016-09-28,4019
2016-09-29,4196
2016-09-30,4199
2016-10-01,2626
2016-10-02,1902
2016-10-03,4620
2016-10-04,4855
2016-10-05,4978
2016-10-06,4888
2016-10-07,4638
2016-10-08,3053
2016-10-09,2301
2016-10-10,4772
2016-10-11,5036
2016-10-12,3747
2016-10-13,4939
2016-10-14,4706
2016-10-15,2898
2016-10-16,2434
2016-10-17,4640
2016-10-18,5366
2016-10-19,5122
2016-10-20,5009
2016-10-21,4954
2016-10-22,3010
2016-10-23,2391
2016-10-24,4982
2016-10-25,5227
2016-10-26,5341
2016-10-27,5157
2016-10-28,4985
2016-10-29,3078
2016-10-30,2651
2016-10-31,5185
2016-11-01,5472
2016-11-02,3915
2016-11-03,5366
2016-11-04,5103
2016-11-05,3213
2016-11-06,2811
2016-11-07,5482
2016-11-08,5366
2016-11-09,5322
2016-11-10,5194
2016-11-11,4780
2016-11-12,2077
2016-11-13,1006
2016-11-14,5102
2016-11-15,5683
2016-11-16,5609
2016-11-17,5581
2016-11-18,5098
2016-11-19,2883
2016-11-20,2287
2016-11-21,2565
2016-11-22,5326
2016-11-23,5391
2016-11-24,5407
2016-11-25,5029
2016-11-26,3140
2016-11-27,2561
2016-11-28,5335
2016-11-29,5491
2016-11-30,5545
2016-12-01,5503
2016-12-02,4992
2016-12-03,3030
2016-12-04,2365
2016-12-05,4882
2016-12-06,5208
2016-12-07,5227
2016-12-08,5030
2016-12-09,4733
2016-12-10,2946
2016-12-11,2372
2016-12-12,4588
2016-12-13,5060
2016-12-14,5053
2016-12-15,4947
2016-12-16,4431
2016-12-17,2777
2016-12-18,2222
2016-12-19,4033
2016-12-20,4145
2016-12-21,3987
2016-12-22,3706
2016-12-23,3352
2016-12-24,1672
2016-12-25,1059
2016-12-26,2745
2016-12-27,3206
2016-12-28,3250
2016-12-29,3314
2016-12-30,3049
2016-12-31,1894
2017-01-01,1350
2017-01-02,4112
2017-01-03,4906
2017-01-04,5220
2017-01-05,5427
2017-01-06,5167
2017-01-07,3551
2017-01-08,2853
2017-01-09,5685
2017-01-10,5856
2017-01-11,5903
2017-01-12,5913
2017-01-13,5798
2017-01-14,3526
2017-01-15,2952
2017-01-16,6368
2017-01-17,6941
2017-01-18,6827
2017-01-19,6902
2017-01-20,6418
2017-01-21,3786
2017-01-22,3112
2017-01-23,6636
2017-01-24,7033
2017-01-25,6955
2017-01-26,6979
2017-01-27,6496
2017-01-28,4027
2017-01-29,3204
2017-01-30,7122
2017-01-31,6336
2017-02-01,7059
2017-02-02,7027
2017-02-03,6635
2017-02-04,3721
2017-02-05,3066
2017-02-06,3296
2017-02-07,7469
2017-02-08,7545
2017-02-09,7398
2017-02-10,7227
2017-02-11,4204
2017-02-12,3738
2017-02-13,7257
2017-02-14,7659
2017-02-15,7801
2017-02-16,7574
2017-02-17,7131
2017-02-18,4354
2017-02-19,3450
2017-02-20,7334
2017-02-21,7652
2017-02-22,7672
2017-02-23,7603
2017-02-24,7112
2017-02-25,4259
2017-02-26,3507
2017-02-27,7460
2017-02-28,7809
2017-03-01,7913
2017-03-02,7845
2017-03-03,7392
2017-03-04,4521
2017-03-05,3782
2017-03-06,7675
2017-03-07,8218
2017-03-08,7948
2017-03-09,7806
2017-03-10,7575
2017-03-11,4330
2017-03-12,3473
2017-03-13,7739
2017-03-14,7926
2017-03-15,8239
2017-03-16,8130
2017-03-17,7423
2017-03-18,4115
2017-03-19,3148
2017-03-20,3466
2017-03-21,7935
2017-03-22,8274
2017-03-23,8191
2017-03-24,7653
2017-03-25,4576
2017-03-26,3999
2017-03-27,7978
2017-03-28,7970
2017-03-29,8062
2017-03-30,7927
2017-03-31,7565
2017-04-01,4442
2017-04-02,3167
2017-04-03,7663
2017-04-04,8131
2017-04-05,8236
2017-04-06,7857
2017-04-07,7407
2017-04-08,4280
2017-04-09,3242
2017-04-10,5710
2017-04-11,5793
2017-04-12,5325
2017-04-13,2995
2017-04-14,2352
2017-04-15,2460
2017-04-16,3022
2017-04-17,5982
2017-04-18,6439
2017-04-19,6152
2017-04-20,6200
2017-04-21,6109
2017-04-22,4103
2017-04-23,3520
2017-04-24,7765
2017-04-25,8449
2017-04-26,8022
2017-04-27,8017
2017-04-28,7818
2017-04-29,4397
2017-04-30,3339
2017-05-01,3082
2017-05-02,7869
2017-05-03,8167
2017-05-04,8213
2017-05-05,6928
2017-05-06,4451
2017-05-07,3634
2017-05-08,8165
2017-05-09,8340
2017-05-10,7326
2017-05-11,7983
2017-05-12,7748
2017-05-13,4564
2017-05-14,3611
2017-05-15,7073
2017-05-16,8400
2017-05-17,8312
2017-05-18,8190
2017-05-19,7549
2017-05-20,4669
2017-05-21,3388
2017-05-22,7812
2017-05-23,8169
2017-05-24,8136
2017-05-25,8199
2017-05-26,7158
2017-05-27,4714
2017-05-28,4026
2017-05-29,7446
2017-05-30,8106
2017-05-31,8234
2017-06-01,7975
2017-06-02,7340
2017-06-03,4594
2017-06-04,3622
2017-06-05,7555
2017-06-06,7998
2017-06-07,6907
2017-06-08,7549
2017-06-09,7269
2017-06-10,4056
2017-06-11,3870
2017-06-12,7808
2017-06-13,8120
2017-06-14,8151
2017-06-15,8075
2017-06-16,7342
2017-06-17,4605
2017-06-18,3399
2017-06-19,7727
2017-06-20,8108
2017-06-21,7977
2017-06-22,8241
2017-06-23,7359
2017-06-24,4387
2017-06-25,3660
2017-06-26,8034
2017-06-27,8115
2017-06-28,7585
2017-06-29,8032
2017-06-30,7555
2017-07-01,4765
2017-07-02,3671
2017-07-03,7361
2017-07-04,8569
2017-07-05,8291
2017-07-06,8574
2017-07-07,7795
2017-07-08,4550
2017-07-09,4509
2017-07-10,7372
2017-07-11,8073
2017-07-12,8340
2017-07-13,7109
2017-07-14,7694
2017-07-15,5039
2017-07-16,3868
2017-07-17,8149
2017-07-18,7247
2017-07-19,8389
2017-07-20,8276
2017-07-21,7191
2017-07-22,4221
2017-07-23,4056
2017-07-24,7188
2017-07-25,8050
2017-07-26,7241
2017-07-27,7682
2017-07-28,6610
2017-07-29,4785
2017-07-30,4093
2017-07-31,7688
2017-08-01,8302
2017-08-02,8023
2017-08-03,7394
2017-08-04,6889
2017-08-05,4575
2017-08-06,3931
2017-08-07,7913
2017-08-08,8222
2017-08-09,8201
2017-08-10,7582
2017-08-11,7591
2017-08-12,4760
2017-08-13,4272
2017-08-14,8081
2017-08-15,9445
2017-08-16,9277
2017-08-17,9425
2017-08-18,8495
2017-08-19,5150
2017-08-20,4309
2017-08-21,9075
2017-08-22,9181
2017-08-23,9568
2017-08-24,8415
2017-08-25,7201
2017-08-26,5276
2017-08-27,4431
2017-08-28,8431
2017-08-29,8036
2017-08-30,7529
2017-08-31,7243
2017-09-01,8105
2017-09-02,5236
2017-09-03,4590
2017-09-04,9050
2017-09-05,8575
2017-09-06,8918
2017-09-07,9414
2017-09-08,9099
2017-09-09,5738
2017-09-10,4542
2017-09-11,9580
2017-09-12,9972
2017-09-13,10061
2017-09-14,9833
2017-09-15,8668
2017-09-16,3697
2017-09-17,4222
2017-09-18,9012
2017-09-19,9672
2017-09-20,9511
2017-09-21,9380
2017-09-22,8777
2017-09-23,5452
2017-09-24,4261
2017-09-25,8792
2017-09-26,10073
2017-09-27,9652
2017-09-28,8460
2017-09-29,8929
2017-09-30,5289
2017-10-01,4106
2017-10-02,9080
2017-10-03,10274
2017-10-04,10103
2017-10-05,10257
2017-10-06,9442
2017-10-07,6327
2017-10-08,4974
2017-10-09,9881
2017-10-10,9679
2017-10-11,10164
2017-10-12,7398
2017-10-13,9649
2017-10-14,5905
2017-10-15,4803
2017-10-16,9997
2017-10-17,10299
2017-10-18,10174
2017-10-19,10155
2017-10-20,9654
2017-10-21,5737
2017-10-22,4726
2017-10-23,10261
2017-10-24,10324
2017-10-25,10435
2017-10-26,10226
2017-10-27,9554
2017-10-28,5869
2017-10-29,4619
2017-10-30,10234
2017-10-31,10647
2017-11-01,10365
2017-11-02,7796
2017-11-03,9488
2017-11-04,6047
2017-11-05,5003
2017-11-06,10045
2017-11-07,10578
2017-11-08,10472
2017-11-09,10196
2017-11-10,10434
2017-11-11,5993
2017-11-12,4965
2017-11-13,10203
2017-11-14,10586
2017-11-15,10489
2017-11-16,10252
2017-11-17,9770
2017-11-18,5436
2017-11-19,4172
2017-11-20,4434
2017-11-21,10205
2017-11-22,10289
2017-11-23,9747
2017-11-24,9503
2017-11-25,6059
2017-11-26,4704
2017-11-27,9475
2017-11-28,9918
2017-11-29,10093
2017-11-30,9944
2017-12-01,9179
2017-12-02,5786
2017-12-03,4745
2017-12-04,9161
2017-12-05,9807
2017-12-06,9672
2017-12-07,9460
2017-12-08,8364
2017-12-09,5160
2017-12-10,3911
2017-12-11,8099
2017-12-12,8282
2017-12-13,8789
2017-12-14,8518
2017-12-15,7887
2017-12-16,2502
2017-12-17,3834
2017-12-18,7842
2017-12-19,8083
2017-12-20,8112
2017-12-21,7325
2017-12-22,7054
2017-12-23,4334
2017-12-24,2945
2017-12-25,1819
2017-12-26,5170
2017-12-27,5509
2017-12-28,5491
2017-12-29,5194
2017-12-30,3595
2017-12-31,2817
2018-01-01,1663
2018-01-02,6295
2018-01-03,7431
2018-01-04,7746
2018-01-05,7629
2018-01-06,5230
2018-01-07,4527
2018-01-08,8921
2018-01-09,9358
2018-01-10,9354
2018-01-11,9264
2018-01-12,9253
2018-01-13,5708
2018-01-14,4796
2018-01-15,9516
2018-01-16,10280
2018-01-17,10235
2018-01-18,10104
2018-01-19,9760
2018-01-20,6054
2018-01-21,4958
2018-01-22,10093
2018-01-23,10245
2018-01-24,10098
2018-01-25,9283
2018-01-26,9736
2018-01-27,5751
2018-01-28,4801
2018-01-29,9722
2018-01-30,9946
2018-01-31,9997
2018-02-01,10005
2018-02-02,10080
2018-02-03,6025
2018-02-04,4624
2018-02-05,4917
2018-02-06,10743
2018-02-07,11115
2018-02-08,9008
2018-02-09,8884
2018-02-10,6428
2018-02-11,5259
2018-02-12,10629
2018-02-13,11313
2018-02-14,11194
2018-02-15,11269
2018-02-16,10776
2018-02-17,6805
2018-02-18,5594
2018-02-19,10246
2018-02-20,11182
2018-02-21,11496
2018-02-22,11508
2018-02-23,10457
2018-02-24,6708
2018-02-25,5521
2018-02-26,11045
2018-02-27,11556
2018-02-28,11800
2018-03-01,12292
2018-03-02,11380
2018-03-03,7003
2018-03-04,5598
2018-03-05,11421
2018-03-06,12000
2018-03-07,11970
2018-03-08,11792
2018-03-09,11051
2018-03-10,7166
2018-03-11,5834
2018-03-12,11165
2018-03-13,11824
2018-03-14,11677
2018-03-15,11720
2018-03-16,11354
2018-03-17,6402
2018-03-18,5235
2018-03-19,5352
2018-03-20,11562
2018-03-21,12282
2018-03-22,12269
2018-03-23,11181
2018-03-24,7322
2018-03-25,5560
2018-03-26,8959
2018-03-27,9165
2018-03-28,8867
2018-03-29,5205
2018-03-30,3926
2018-03-31,4016
2018-04-01,4543
2018-04-02,9342
2018-04-03,9275
2018-04-04,9409
2018-04-05,9463
2018-04-06,9243
2018-04-07,5966
2018-04-08,5155
2018-04-09,11390
2018-04-10,11903
2018-04-11,11366
2018-04-12,11231
2018-04-13,11232
2018-04-14,6720
2018-04-15,5611
2018-04-16,11704
2018-04-17,12053
2018-04-18,11881
2018-04-19,11439
2018-04-20,11218
2018-04-21,6743
2018-04-22,5669
2018-04-23,11686
2018-04-24,12029
2018-04-25,11961
2018-04-26,11765
2018-04-27,10709
2018-04-28,6639
2018-04-29,5236
2018-04-30,11025
2018-05-01,5358
2018-05-02,11421
2018-05-03,11622
2018-05-04,11119
2018-05-05,6057
2018-05-06,5675
2018-05-07,10997
2018-05-08,11934
2018-05-09,12229
2018-05-10,9960
2018-05-11,11421
2018-05-12,6815
2018-05-13,5679
2018-05-14,11084
2018-05-15,10802
2018-05-16,12031
2018-05-17,11749
2018-05-18,11158
2018-05-19,6645
2018-05-20,5245
2018-05-21,11093
2018-05-22,11460
2018-05-23,11722
2018-05-24,11196
2018-05-25,10671
2018-05-26,6757
2018-05-27,5296
2018-05-28,10729
2018-05-29,11088
2018-05-30,10862
2018-05-31,10736
2018-06-01,10373
2018-06-02,6786
2018-06-03,4954
2018-06-04,10185
2018-06-05,11116
2018-06-06,10553
2018-06-07,9712
2018-06-08,10316
2018-06-09,5714
2018-06-10,4859
2018-06-11,10492
2018-06-12,10629
2018-06-13,9528
2018-06-14,10825
2018-06-15,10453
2018-06-16,6704
2018-06-17,4569
2018-06-18,10367
2018-06-19,9770
2018-06-20,10754
2018-06-21,8767
2018-06-22,9425
2018-06-23,6478
2018-06-24,4194
2018-06-25,9924
2018-06-26,10591
2018-06-27,8661
2018-06-28,8588
2018-06-29,8864
2018-06-30,6592
2018-07-01,5041
2018-07-02,9198
2018-07-03,10561
2018-07-04,10285
2018-07-05,10192
2018-07-06,9684
2018-07-07,6200
2018-07-08,4407
2018-07-09,9366
2018-07-10,9075
2018-07-11,9661
2018-07-12,9210
2018-07-13,9925
2018-07-14,6526
2018-07-15,4935
2018-07-16,9608
2018-07-17,10143
2018-07-18,10190
2018-07-19,10152
2018-07-20,9737
2018-07-21,6195
2018-07-22,5320
2018-07-23,9186
2018-07-24,10009
2018-07-25,9925
2018-07-26,9456
2018-07-27,9223
2018-07-28,5201
2018-07-29,5541
2018-07-30,9406
2018-07-31,9310
2018-08-01,9973
2018-08-02,9675
2018-08-03,9657
2018-08-04,6491
2018-08-05,5279
2018-08-06,8114
2018-08-07,9974
2018-08-08,10020
2018-08-09,9709
2018-08-10,8741
2018-08-11,6501
2018-08-12,5679
2018-08-13,10909
2018-08-14,11420
2018-08-15,11851
2018-08-16,10526
2018-08-17,11273
2018-08-18,6929
2018-08-19,5745
2018-08-20,11784
2018-08-21,11917
2018-08-22,11655
2018-08-23,11608
2018-08-24,10971
2018-08-25,7144
2018-08-26,5767
2018-08-27,11939
2018-08-28,11798
2018-08-29,12163
2018-08-30,10419
2018-08-31,11585
2018-09-01,7087
2018-09-02,5285
2018-09-03,11406
2018-09-04,12502
2018-09-05,12171
2018-09-06,11168
2018-09-07,10394
2018-09-08,7458
2018-09-09,5971
2018-09-10,9998
2018-09-11,11220
2018-09-12,12535
2018-09-13,11111
2018-09-14,11820
2018-09-15,7043
2018-09-16,4735
2018-09-17,11064
2018-09-18,10316
2018-09-19,10209
2018-09-20,12356
2018-09-21,11631
2018-09-22,7178
2018-09-23,5875
2018-09-24,11755
2018-09-25,12320
2018-09-26,10959
2018-09-27,10899
2018-09-28,11051
2018-09-29,6903
2018-09-30,5559
2018-10-01,11443
2018-10-02,12414
2018-10-03,12426
2018-10-04,12303
2018-10-05,10556
2018-10-06,7127
2018-10-07,5724
2018-10-08,12162
2018-10-09,12615
2018-10-10,12550
2018-10-11,12143
2018-10-12,8456
2018-10-13,7028
2018-10-14,5185
2018-10-15,12154
2018-10-16,12041
2018-10-17,12816
2018-10-18,12465
2018-10-19,11797
2018-10-20,7450
2018-10-21,5306
2018-10-22,10135
2018-10-23,11972
2018-10-24,12388
2018-10-25,12229
2018-10-26,11625
2018-10-27,7529
2018-10-28,6009
2018-10-29,12281
2018-10-30,13106
2018-10-31,13337
2018-11-01,12360
2018-11-02,8975
2018-11-03,7229
2018-11-04,3903
2018-11-05,12436
2018-11-06,12625
2018-11-07,13087
2018-11-08,12421
2018-11-09,12115
2018-11-10,8620
2018-11-11,5770
2018-11-12,12116
2018-11-13,12440
2018-11-14,12117
2018-11-15,12033
2018-11-16,11881
2018-11-17,6938
2018-11-18,4971
2018-11-19,5874
2018-11-20,12416
2018-11-21,12971
2018-11-22,12788
2018-11-23,12199
2018-11-24,8059
2018-11-25,6405
2018-11-26,12928
2018-11-27,13279
2018-11-28,5269
2018-11-29,12427
2018-11-30,12950
2018-12-01,7166
2018-12-02,6596
2018-12-03,12986
2018-12-04,13641
2018-12-05,12837
2018-12-06,13307
2018-12-07,12457
2018-12-08,8286
2018-12-09,6281
2018-12-10,13039
2018-12-11,12846
2018-12-12,12170
2018-12-13,12566
2018-12-14,11516
2018-12-15,7858
2018-12-16,6207
2018-12-17,11891
2018-12-18,12451
2018-12-19,11909
2018-12-20,10972
2018-12-21,10184
2018-12-22,7174
2018-12-23,5023
2018-12-24,5522
2018-12-25,2426
2018-12-26,7392
2018-12-27,7896
2018-12-28,7906
2018-12-29,5897
2018-12-30,4371
2018-12-31,4824
2019-01-01,2644
2019-01-02,9197
2019-01-03,9874
2019-01-04,10173
2019-01-05,7738
2019-01-06,6563
2019-01-07,12914
2019-01-08,13669
2019-01-09,14252
2019-01-10,14522
2019-01-11,13791
2019-01-12,10670
2019-01-13,8252
2019-01-14,14926
2019-01-15,15467
2019-01-16,17081
2019-01-17,17333
2019-01-18,17083
2019-01-19,11037
2019-01-20,9004
2019-01-21,16479
2019-01-22,17424
2019-01-23,17186
2019-01-24,17107
2019-01-25,16436
2019-01-26,10653
2019-01-27,8063
2019-01-28,15591
2019-01-29,16308
2019-01-30,16534
2019-01-31,16206
2019-02-01,15552
2019-02-02,9648
2019-02-03,7486
2019-02-04,7837
2019-02-05,16455
2019-02-06,16961
2019-02-07,16387
2019-02-08,16359
2019-02-09,10406
2019-02-10,8419
2019-02-11,16127
2019-02-12,16764
2019-02-13,16859
2019-02-14,16577
2019-02-15,15957
2019-02-16,10238
2019-02-17,8159
2019-02-18,16514
2019-02-19,16625
2019-02-20,16780
2019-02-21,16753
2019-02-22,15288
2019-02-23,9804
2019-02-24,7511
2019-02-25,15060
2019-02-26,15941
2019-02-27,16097
2019-02-28,15805
2019-03-01,15301
2019-03-02,9564
2019-03-03,8075
2019-03-04,15982
2019-03-05,16806
2019-03-06,16973
2019-03-07,16656
2019-03-08,15691
2019-03-09,10060
2019-03-10,8032
2019-03-11,16029
2019-03-12,16549
2019-03-13,16653
2019-03-14,16282
2019-03-15,15898
2019-03-16,9435
2019-03-17,6977
2019-03-18,7456
2019-03-19,16362
2019-03-20,16817
2019-03-21,16634
2019-03-22,15511
2019-03-23,9435
2019-03-24,7647
2019-03-25,16022
2019-03-26,16349
2019-03-27,16691
2019-03-28,16200
2019-03-29,15778
2019-03-30,9695
2019-03-31,7892
2019-04-01,15997
2019-04-02,16507
2019-04-03,16828
2019-04-04,16094
2019-04-05,15461
2019-04-06,9668
2019-04-07,7338
2019-04-08,15988
2019-04-09,15822
2019-04-10,16023
2019-04-11,15864
2019-04-12,14769
2019-04-13,8963
2019-04-14,7110
2019-04-15,12248
2019-04-16,12090
2019-04-17,11710
2019-04-18,7389
2019-04-19,5783
2019-04-20,5681
2019-04-21,6451
2019-04-22,12217
2019-04-23,12505
2019-04-24,12719
2019-04-25,12361
2019-04-26,11858
2019-04-27,8137
2019-04-28,7150
2019-04-29,15009
2019-04-30,15764
2019-05-01,7655
2019-05-02,15487
2019-05-03,15009
2019-05-04,9455
2019-05-05,7125
2019-05-06,15771
2019-05-07,16135
2019-05-08,15554
2019-05-09,15627
2019-05-10,13267
2019-05-11,9098
2019-05-12,7386
2019-05-13,15413
2019-05-14,15924
2019-05-15,14888
2019-05-16,15610
2019-05-17,14968
2019-05-18,9522
2019-05-19,7341
2019-05-20,15270
2019-05-21,15852
2019-05-22,15955
2019-05-23,15318
2019-05-24,14567
2019-05-25,9426
2019-05-26,7629
2019-05-27,15424
2019-05-28,15997
2019-05-29,15660
2019-05-30,15656
2019-05-31,13566
2019-06-01,9890
2019-06-02,6985
2019-06-03,14089
2019-06-04,15558
2019-06-05,15594
2019-06-06,15323
2019-06-07,14679
2019-06-08,8847
2019-06-09,7490
2019-06-10,15022
2019-06-11,15279
2019-06-12,15061
2019-06-13,14949
2019-06-14,14381
2019-06-15,9359
2019-06-16,5910
2019-06-17,14558
2019-06-18,15374
2019-06-19,14213
2019-06-20,14925
2019-06-21,14459
2019-06-22,9238
2019-06-23,6963
2019-06-24,14503
2019-06-25,13824
2019-06-26,14136
2019-06-27,14485
2019-06-28,14168
2019-06-29,9189
2019-06-30,6902
2019-07-01,14000
2019-07-02,14837
2019-07-03,14961
2019-07-04,14412
2019-07-05,14212
2019-07-06,9026
2019-07-07,7229
2019-07-08,12445
2019-07-09,13522
2019-07-10,14104
2019-07-11,14522
2019-07-12,13321
2019-07-13,8734
2019-07-14,6758
2019-07-15,12133
2019-07-16,14782
2019-07-17,14333
2019-07-18,13113
2019-07-19,11997
2019-07-20,8023
2019-07-21,6328
2019-07-22,13977
2019-07-23,14090
2019-07-24,12817
2019-07-25,13390
2019-07-26,12605
2019-07-27,8870
2019-07-28,6971
2019-07-29,12513
2019-07-30,13897
2019-07-31,14202
2019-08-01,13962
2019-08-02,13326
2019-08-03,8999
2019-08-04,6691
2019-08-05,13753
2019-08-06,13470
2019-08-07,13660
2019-08-08,11602
2019-08-09,13603
2019-08-10,8870
2019-08-11,7373
2019-08-12,15101
2019-08-13,15942
2019-08-14,16200
2019-08-15,16027
2019-08-16,13902
2019-08-17,9653
2019-08-18,7262
2019-08-19,15548
2019-08-20,16233
2019-08-21,16199
2019-08-22,14815
2019-08-23,15036
2019-08-24,8166
2019-08-25,7519
2019-08-26,12697
2019-08-27,16203
2019-08-28,15036
2019-08-29,15876
2019-08-30,15191
2019-08-31,9794
2019-09-01,7597
2019-09-02,13999
2019-09-03,15960
2019-09-04,14694
2019-09-05,15235
2019-09-06,14727
2019-09-07,8758
2019-09-08,7440
2019-09-09,15522
2019-09-10,15560
2019-09-11,15935
2019-09-12,15837
2019-09-13,14450
2019-09-14,8875
2019-09-15,6557
2019-09-16,6099
2019-09-17,15831
2019-09-18,16097
2019-09-19,16112
2019-09-20,14428
2019-09-21,10076
2019-09-22,7783
2019-09-23,15399
2019-09-24,16082
2019-09-25,15762
2019-09-26,15193
2019-09-27,13978
2019-09-28,9780
2019-09-29,6186
2019-09-30,14697
2019-10-01,16034
2019-10-02,13627
2019-10-03,15987
2019-10-04,14812
2019-10-05,9869
2019-10-06,8233
2019-10-07,15931
2019-10-08,16497
2019-10-09,16192
2019-10-10,16022
2019-10-11,14877
2019-10-12,8771
2019-10-13,7143
2019-10-14,15957
2019-10-15,16508
2019-10-16,16687
2019-10-17,16016
2019-10-18,14222
2019-10-19,9628
2019-10-20,6891
2019-10-21,15358
2019-10-22,13270
2019-10-23,15494
2019-10-24,15459
2019-10-25,14734
2019-10-26,9439
2019-10-27,7393
2019-10-28,15310
2019-10-29,16315
2019-10-30,16554
2019-10-31,13243
2019-11-01,14825
2019-11-02,7324
2019-11-03,7288
2019-11-04,15275
2019-11-05,15579
2019-11-06,16310
2019-11-07,16149
2019-11-08,15321
2019-11-09,9675
2019-11-10,7401
2019-11-11,15152
2019-11-12,13634
2019-11-13,12792
2019-11-14,15498
2019-11-15,14675
2019-11-16,7961
2019-11-17,5923
2019-11-18,7492
2019-11-19,15194
2019-11-20,15484
2019-11-21,15242
2019-11-22,14508
2019-11-23,9224
2019-11-24,7297
2019-11-25,14320
2019-11-26,14250
2019-11-27,15036
2019-11-28,15032
2019-11-29,14556
2019-11-30,9466
2019-12-01,7091
2019-12-02,14841
2019-12-03,15468
2019-12-04,15082
2019-12-05,14939
2019-12-06,14360
2019-12-07,9050
2019-12-08,6958
2019-12-09,13882
2019-12-10,14185
2019-12-11,14049
2019-12-12,13193
2019-12-13,13110
2019-12-14,8837
2019-12-15,6661
2019-12-16,13368
2019-12-17,13649
2019-12-18,13230
2019-12-19,12697
2019-12-20,10860
2019-12-21,6016
2019-12-22,5416
2019-12-23,9422
2019-12-24,6102
2019-12-25,2647
2019-12-26,8002
2019-12-27,8523
2019-12-28,6036
2019-12-29,5483
2019-12-30,8019
2019-12-31,6228
2020-01-01,2306
2020-01-02,7735
2020-01-03,9203
2020-01-04,6883
2020-01-05,5625
2020-01-06,10955
2020-01-07,11850
2020-01-08,12412
2020-01-09,13071
2020-01-10,13006
2020-01-11,8228
2020-01-12,6744
2020-01-13,13377
2020-01-14,14171
2020-01-15,14423
2020-01-16,14862
2020-01-17,14154
2020-01-18,9126
2020-01-19,7043
2020-01-20,15090
2020-01-21,15392
2020-01-22,15301
2020-01-23,14946
2020-01-24,14582
2020-01-25,9029
2020-01-26,6937
2020-01-27,14806
2020-01-28,15211
2020-01-29,15150
2020-01-30,14594
2020-01-31,14064
2020-02-01,7716
2020-02-02,5773
2020-02-03,1778
2020-02-04,12331
2020-02-05,14800
2020-02-06,14626
2020-02-07,14504
2020-02-08,9524
2020-02-09,7336
2020-02-10,15342
2020-02-11,15911
2020-02-12,15805
2020-02-13,16153
2020-02-14,15624
2020-02-15,9742
2020-02-16,7824
2020-02-17,15484
2020-02-18,15987
2020-02-19,16039
2020-02-20,15852
2020-02-21,15323
2020-02-22,9653
2020-02-23,7230
2020-02-24,15301
2020-02-25,16192
2020-02-26,15921
2020-02-27,15588
2020-02-28,14943
2020-02-29,9562
2020-03-01,7634
2020-03-02,15681
2020-03-03,16368
2020-03-04,16234
2020-03-05,16043
2020-03-06,15418
2020-03-07,9881
2020-03-08,8230
2020-03-09,12143
2020-03-10,16252
2020-03-11,16413
2020-03-12,15916
2020-03-13,14841
2020-03-14,8819
2020-03-15,5283
2020-03-16,5587
2020-03-17,12385
2020-03-18,11127
2020-03-19,9804
2020-03-20,8812
2020-03-21,4881
2020-03-22,2790
2020-03-23,4533
2020-03-24,4578
2020-03-25,4943
2020-03-26,5910
2020-03-27,6054
2020-03-28,4690
2020-03-29,2925
2020-03-30,6320
2020-03-31,6264
2020-04-01,5914
2020-04-02,5276
2020-04-03,5048
2020-04-04,3972
2020-04-05,2569
2020-04-06,4543
2020-04-07,4771
2020-04-08,4582
2020-04-09,3521
2020-04-10,2939
2020-04-11,3005
2020-04-12,2438
2020-04-13,4929
2020-04-14,5013
2020-04-15,5021
2020-04-16,4985
2020-04-17,4956
2020-04-18,4057
2020-04-19,2712
2020-04-20,4886
2020-04-21,4702
2020-04-22,4790
2020-04-23,4634
2020-04-24,4825
2020-04-25,3493
2020-04-26,2387
2020-04-27,4691
2020-04-28,4658
2020-04-29,5013
2020-04-30,4946
2020-05-01,3452
2020-05-02,3938
2020-05-03,2567
2020-05-04,5256
2020-05-05,4731
2020-05-06,5201
2020-05-07,5298
2020-05-08,5483
2020-05-09,4178
2020-05-10,2558
2020-05-11,5363
2020-05-12,5725
2020-05-13,5787
2020-05-14,6159
2020-05-15,6198
2020-05-16,4916
2020-05-17,3076
2020-05-18,6530
2020-05-19,6294
2020-05-20,6475
2020-05-21,6425
2020-05-22,6486
2020-05-23,4571
2020-05-24,2879
2020-05-25,6497
2020-05-26,6481
2020-05-27,6607
2020-05-28,6534
2020-05-29,6822
2020-05-30,4737
2020-05-31,3213
2020-06-01,6509
2020-06-02,6747
2020-06-03,7180
2020-06-04,7092
2020-06-05,6866
2020-06-06,5127
2020-06-07,3520
2020-06-08,7162
2020-06-09,7000
2020-06-10,7226
2020-06-11,7233
2020-06-12,7867
2020-06-13,5653
2020-06-14,3135
2020-06-15,6632
2020-06-16,7969
2020-06-17,7754
2020-06-18,7791
2020-06-19,7267
2020-06-20,5738
2020-06-21,3274
2020-06-22,6825
2020-06-23,7436
2020-06-24,7614
2020-06-25,7163
2020-06-26,6844
2020-06-27,5625
2020-06-28,3873
2020-06-29,8005
2020-06-30,7944
2020-07-01,7985
2020-07-02,7317
2020-07-03,8086
2020-07-04,6048
2020-07-05,3894
2020-07-06,7795
2020-07-07,8317
2020-07-08,7769
2020-07-09,7051
2020-07-10,8387
2020-07-11,5888
2020-07-12,3530
2020-07-13,7885
2020-07-14,8380
2020-07-15,8087
2020-07-16,8064
2020-07-17,8090
2020-07-18,5636
2020-07-19,3855
2020-07-20,8084
2020-07-21,8620
2020-07-22,8147
2020-07-23,6925
2020-07-24,6980
2020-07-25,5866
2020-07-26,4096
2020-07-27,8077
2020-07-28,7926
2020-07-29,6232
2020-07-30,7607
2020-07-31,7234
2020-08-01,6173
2020-08-02,3952
2020-08-03,8284
2020-08-04,8500
2020-08-05,8416
2020-08-06,8156
2020-08-07,8255
2020-08-08,6137
2020-08-09,3703
2020-08-10,7973
2020-08-11,8429
2020-08-12,8541
2020-08-13,8303
2020-08-14,8748
2020-08-15,6385
2020-08-16,4347
2020-08-17,8764
2020-08-18,7428
2020-08-19,8379
2020-08-20,8913
2020-08-21,8928
2020-08-22,6521
2020-08-23,4163
2020-08-24,8580
2020-08-25,9013
2020-08-26,8926
2020-08-27,8443
2020-08-28,8746
2020-08-29,6091
2020-08-30,4370
2020-08-31,8832
2020-09-01,9068
2020-09-02,8724
2020-09-03,8709
2020-09-04,8495
2020-09-05,6229
2020-09-06,3635
2020-09-07,8335
2020-09-08,8510
2020-09-09,8679
2020-09-10,7952
2020-09-11,8722
2020-09-12,6119
2020-09-13,4305
2020-09-14,8642
2020-09-15,9033
2020-09-16,4856
2020-09-17,8965
2020-09-18,9142
2020-09-19,6783
2020-09-20,4446
2020-09-21,7244
2020-09-22,8498
2020-09-23,9044
2020-09-24,9179
2020-09-25,8267
2020-09-26,5898
2020-09-27,3868
2020-09-28,8231
2020-09-29,9268
2020-09-30,9537
2020-10-01,9319
2020-10-02,9121
2020-10-03,6498
2020-10-04,4168
2020-10-05,9108
2020-10-06,9174
2020-10-07,9183
2020-10-08,9382
2020-10-09,8950
2020-10-10,6438
2020-10-11,4061
2020-10-12,7534
2020-10-13,9223
2020-10-14,9420
2020-10-15,8790
2020-10-16,9192
2020-10-17,6608
2020-10-18,4406
2020-10-19,8835
2020-10-20,9201
2020-10-21,9025
2020-10-22,8471
2020-10-23,8829
2020-10-24,6343
2020-10-25,4219
2020-10-26,8781
2020-10-27,9230
2020-10-28,9026
2020-10-29,9058
2020-10-30,9026
2020-10-31,3924
2020-11-01,2881
2020-11-02,7510
2020-11-03,8849
2020-11-04,8584
2020-11-05,8575
2020-11-06,8622
2020-11-07,3640
2020-11-08,2844
2020-11-09,8481
2020-11-10,8970
2020-11-11,8874
2020-11-12,8814
2020-11-13,9081
2020-11-14,6058
2020-11-15,3882
2020-11-16,4836
2020-11-17,9061
2020-11-18,9068
2020-11-19,8964
2020-11-20,9129
2020-11-21,6402
2020-11-22,4919
2020-11-23,8685
2020-11-24,8965
2020-11-25,8270
2020-11-26,8424
2020-11-27,8646
2020-11-28,6304
2020-11-29,4779
2020-11-30,8562
2020-12-01,8895
2020-12-02,8866
2020-12-03,8658
2020-12-04,7937
2020-12-05,5874
2020-12-06,4566
2020-12-07,7812
2020-12-08,8542
2020-12-09,8770
2020-12-10,8606
2020-12-11,8726
2020-12-12,6246
2020-12-13,4759
2020-12-14,8754
2020-12-15,9023
2020-12-16,9053
2020-12-17,8847
2020-12-18,8733
2020-12-19,6130
2020-12-20,4627
2020-12-21,8014
2020-12-22,7938
2020-12-23,7699
2020-12-24,4984
2020-12-25,1652
2020-12-26,3427
2020-12-27,3300
2020-12-28,6271
2020-12-29,6211
2020-12-30,6143
2020-12-31,4464
2021-01-01,1767
2021-01-02,3744
2021-01-03,3615
2021-01-04,7228
2021-01-05,7396
2021-01-06,7796
2021-01-07,7737
2021-01-08,7891
2021-01-09,5143
2021-01-10,4538
2021-01-11,8153
2021-01-12,8213
2021-01-13,7789
2021-01-14,7988
2021-01-15,8066
2021-01-16,5480
2021-01-17,3724
2021-01-18,7411
2021-01-19,7275
2021-01-20,7374
2021-01-21,7226
2021-01-22,7400
2021-01-23,5233
2021-01-24,3515
2021-01-25,6840
2021-01-26,7264
2021-01-27,7201
2021-01-28,7229
2021-01-29,7618
2021-01-30,5637
2021-01-31,3704
2021-02-01,4328
2021-02-02,7643
2021-02-03,7698
2021-02-04,7683
2021-02-05,7576
2021-02-06,5899
2021-02-07,3978
2021-02-08,7744
2021-02-09,8064
2021-02-10,8095
2021-02-11,8165
2021-02-12,8151
2021-02-13,6369
2021-02-14,4600
2021-02-15,8224
2021-02-16,8477
2021-02-17,8648
2021-02-18,8446
2021-02-19,8471
2021-02-20,6080
2021-02-21,4681
2021-02-22,8459
2021-02-23,8407
2021-02-24,8397
2021-02-25,8715
2021-02-26,8506
2021-02-27,6336
2021-02-28,4941
2021-03-01,8886
2021-03-02,9070
2021-03-03,9129
2021-03-04,8889
2021-03-05,8806
2021-03-06,6388
2021-03-07,4958
2021-03-08,8781
2021-03-09,9182
2021-03-10,9216
2021-03-11,9183
2021-03-12,8976
2021-03-13,6142
2021-03-14,4630
2021-03-15,4711
2021-03-16,9415
2021-03-17,9227
2021-03-18,9372
2021-03-19,9424
2021-03-20,6577
2021-03-21,4982
2021-03-22,9061
2021-03-23,9182
2021-03-24,9305
2021-03-25,9148
2021-03-26,9159
2021-03-27,6437
2021-03-28,4754
2021-03-29,8308
2021-03-30,8548
2021-03-31,8448
2021-04-01,5755
2021-04-02,4582
2021-04-03,4583
2021-04-04,4289
2021-04-05,8410
2021-04-06,8629
2021-04-07,8829
2021-04-08,8628
2021-04-09,8555
2021-04-10,6462
2021-04-11,5152
2021-04-12,9104
2021-04-13,9546
2021-04-14,9517
2021-04-15,9912
2021-04-16,9482
2021-04-17,6702
2021-04-18,5092
2021-04-19,9270
2021-04-20,9827
2021-04-21,9714
2021-04-22,9751
2021-04-23,8998
2021-04-24,6402
2021-04-25,5139
2021-04-26,9444
2021-04-27,9782
2021-04-28,9755
2021-04-29,9564
2021-04-30,9682
2021-05-01,5785
2021-05-02,5330
2021-05-03,9542
2021-05-04,9872
2021-05-05,9070
2021-05-06,9545
2021-05-07,9595
2021-05-08,6395
2021-05-09,4252
2021-05-10,8205
2021-05-11,10333
2021-05-12,10037
2021-05-13,10094
2021-05-14,10051
2021-05-15,6346
2021-05-16,5414
2021-05-17,10094
2021-05-18,10370
2021-05-19,10764
2021-05-20,10655
2021-05-21,10144
2021-05-22,7431
2021-05-23,5327
2021-05-24,9820
2021-05-25,10467
2021-05-26,10637
2021-05-27,10342
2021-05-28,10489
2021-05-29,7041
2021-05-30,5782
2021-05-31,10366
2021-06-01,10911
2021-06-02,9523
2021-06-03,9904
2021-06-04,9911
2021-06-05,7298
2021-06-06,5761
2021-06-07,10293
2021-06-08,10707
2021-06-09,10828
2021-06-10,10685
2021-06-11,10387
2021-06-12,6697
2021-06-13,4708
2021-06-14,10149
2021-06-15,11319
2021-06-16,11183
2021-06-17,10879
2021-06-18,10724
2021-06-19,4195
2021-06-20,5316
2021-06-21,10678
2021-06-22,10441
2021-06-23,8087
2021-06-24,9436
2021-06-25,9617
2021-06-26,7245
2021-06-27,5095
2021-06-28,10122
2021-06-29,10579
2021-06-30,10043
2021-07-01,8567
2021-07-02,9624
2021-07-03,7296
2021-07-04,5957
2021-07-05,9860
2021-07-06,10812
2021-07-07,11085
2021-07-08,9222
2021-07-09,10161
2021-07-10,6782
2021-07-11,5801
2021-07-12,9292
2021-07-13,9359
2021-07-14,10790
2021-07-15,10341
2021-07-16,6702
2021-07-17,7049
2021-07-18,5897
2021-07-19,9585
2021-07-20,10503
2021-07-21,9740
2021-07-22,9292
2021-07-23,9286
2021-07-24,6351
2021-07-25,4844
2021-07-26,9470
2021-07-27,9677
2021-07-28,9189
2021-07-29,9372
2021-07-30,9521
2021-07-31,7178
2021-08-01,5563
2021-08-02,9067
2021-08-03,8682
2021-08-04,8815
2021-08-05,9475
2021-08-06,9501
2021-08-07,6896
2021-08-08,5870
2021-08-09,9707
2021-08-10,10129
2021-08-11,10018
2021-08-12,10619
2021-08-13,9484
2021-08-14,7515
2021-08-15,6044
2021-08-16,8815
2021-08-17,9614
2021-08-18,10025
2021-08-19,10542
2021-08-20,10567
2021-08-21,7580
2021-08-22,5930
2021-08-23,9733
2021-08-24,10284
2021-08-25,10458
2021-08-26,10424
2021-08-27,10113
2021-08-28,5452
2021-08-29,6127
2021-08-30,10480
2021-08-31,10139
2021-09-01,9364
2021-09-02,9697
2021-09-03,6994
2021-09-04,7418
2021-09-05,5842
2021-09-06,8747
2021-09-07,8989
2021-09-08,11152
2021-09-09,10541
2021-09-10,10814
2021-09-11,7955
2021-09-12,6327
2021-09-13,10503
2021-09-14,10046
2021-09-15,10831
2021-09-16,5528
2021-09-17,9226
2021-09-18,7472
2021-09-19,6137
2021-09-20,9761
2021-09-21,11023
2021-09-22,11238
2021-09-23,10805
2021-09-24,9421
2021-09-25,7682
2021-09-26,5941
2021-09-27,9664
2021-09-28,10654
2021-09-29,10702
2021-09-30,10080
2021-10-01,10684
2021-10-02,7824
2021-10-03,6667
2021-10-04,10568
2021-10-05,10650
2021-10-06,11823
2021-10-07,11701
2021-10-08,11688
2021-10-09,8258
2021-10-10,6695
2021-10-11,11603
2021-10-12,10260
2021-10-13,12022
2021-10-14,12167
2021-10-15,12041
2021-10-16,8317
2021-10-17,6740
2021-10-18,11822
2021-10-19,12016
2021-10-20,12408
2021-10-21,12308
2021-10-22,11828
2021-10-23,8275
2021-10-24,6478
2021-10-25,10490
2021-10-26,12210
2021-10-27,12195
2021-10-28,12209
2021-10-29,11985
2021-10-30,8196
2021-10-31,6659
