Date,Mean,Var
2015-01-01,15.901672433679353,4057.1266609664026
2015-01-02,10.589300100704934,80.54741895804668
2015-01-03,11.442923649906891,219.75655120000542
2015-01-04,19.481672394043528,1538.4029471313495
2015-01-05,11.298572884811417,2083.2871181426694
2015-01-06,9.507164948453608,37.970671291420025
2015-01-07,9.758426323319028,39.2866058642931
2015-01-08,9.654834176503654,50.019184299717985
2015-01-09,11.106560134566864,1088.7446211633512
2015-01-10,10.093381076388889,54.91912135075256
2015-01-11,13.732856385797563,111.80794828595923
2015-01-12,11.093680188124633,1493.6867762451827
2015-01-13,9.63616935483871,69.75058135951207
2015-01-14,9.890238704177323,267.08239444429864
2015-01-15,9.842931309904154,53.786739006913045
2015-01-16,9.996150761828389,44.3831125122981
2015-01-17,10.119394663480684,60.46248490691996
2015-01-18,13.391562173458727,180.89798075829478
2015-01-19,9.791455615246866,45.36093052164599
2015-01-20,9.515196078431373,95.81138840177589
2015-01-21,9.929311678267595,46.358527845419914
2015-01-22,9.771711509715994,57.28398828436666
2015-01-23,10.728951890034363,965.5031247747252
2015-01-24,10.636550759392486,60.35387352263042
2015-01-25,14.956230104592995,525.1193562450978
2015-01-26,9.888477366255144,199.08054165734453
2015-01-27,9.9972030651341,61.99686227170144
2015-01-28,9.747832369942197,111.09693190921412
2015-01-29,9.743785697966644,102.52130642531262
2015-01-30,9.805782312925169,53.382355806669615
2015-01-31,10.069549663299663,49.32606521343156
2015-02-01,12.290100472813238,182.3675705641919
2015-02-02,10.648833333333334,71.70323677911384
2015-02-03,10.355598555211557,370.7035050808208
2015-02-04,9.719951431492843,71.65896528287844
2015-02-05,10.428283181712153,89.51949614788757
2015-02-06,9.942243975903613,45.26546437382287
2015-02-07,10.681366350544433,468.0829878052848
2015-02-08,12.67557039510295,129.73800587533162
2015-02-09,9.788497474747475,47.68180866649179
2015-02-10,9.892940911141181,47.399137301704336
2015-02-11,9.945573440643864,48.031854367067496
2015-02-12,9.923154714998686,41.84203550960558
2015-02-13,9.81661554192229,40.97100221505674
2015-02-14,10.573848878394331,64.33064345599004
2015-02-15,11.980711920529801,189.62169525425966
2015-02-16,10.050549322113138,82.07490437639592
2015-02-17,9.491694462975316,41.08727057295477
2015-02-18,9.853214205439425,48.32359290077882
2015-02-19,9.943409247757074,40.065473528609964
2015-02-20,9.610570269625388,40.19434059305698
2015-02-21,10.467770034843205,49.61529755377287
2015-02-22,12.077973671838269,126.86133893590352
2015-02-23,9.886182756079586,46.03090469027273
2015-02-24,9.223570948217889,40.35212816243344
2015-02-25,9.73123414071511,46.58889640597423
2015-02-26,9.734790334044066,36.73417619869899
2015-02-27,9.781037240118803,58.558409028561876
2015-02-28,10.848982785602505,77.4963026590583
2015-03-01,13.2732782369146,509.65147939357433
2015-03-02,9.905532455532455,187.64560448397813
2015-03-03,9.669110396570204,41.82601647536376
2015-03-04,9.847427912341407,66.96546679468047
2015-03-05,9.736491228070175,39.834300239846925
2015-03-06,10.196507936507937,130.19980990702098
2015-03-07,10.117311233885818,41.73741323943239
2015-03-08,12.2843992248062,104.20814862770743
2015-03-09,9.736108939275475,282.17056849412177
2015-03-10,9.073491083676268,31.167003385090343
2015-03-11,9.207754010695187,68.40325310154476
2015-03-12,11.452864214992928,3832.3118961311134
2015-03-13,9.772314814814814,44.21645406189148
2015-03-14,9.92156862745098,78.79931061043695
2015-03-15,11.012855297157623,111.79205956306953
2015-03-16,11.8042194092827,209.39585257151043
2015-03-17,9.484950248756219,55.79700038018757
2015-03-18,9.545620022753129,93.700961183691
2015-03-19,9.646218771100607,82.37073268964437
2015-03-20,9.21609756097561,49.432516915936326
2015-03-21,9.637385682749922,259.5067041542433
2015-03-22,12.60578395808142,581.9513167205533
2015-03-23,43.77371031746032,832495.7662436466
2015-03-24,9.153611293499672,40.6036984407192
2015-03-25,9.048675128033846,36.39783933831217
2015-03-26,9.490191996298867,56.604110912185874
2015-03-27,10.53296321998612,1045.0637753258857
2015-03-28,10.322607612949128,66.82723437305211
2015-03-29,14.254034291477558,503.51808723518565
2015-03-30,9.874325144070367,42.70319847908687
2015-03-31,9.436174724342663,43.11569108017929
2015-04-01,9.489503419565864,39.00115658850517
2015-04-02,14.619897435897437,5267.005359345735
2015-04-03,10.0965483234714,59.045077544157806
2015-04-04,9.99626168224299,47.99047649446377
2015-04-05,16.729781879194633,1204.2631643034163
2015-04-06,9.590613026819923,75.08834027283315
2015-04-07,9.217861885790173,34.22386840905036
2015-04-08,9.546069810818013,47.98843676347812
2015-04-09,9.336929176920973,59.383016844004
2015-04-10,9.228708198489752,36.687158302907136
2015-04-11,10.212817551963047,53.59527611131139
2015-04-12,13.124847632442568,224.6382839165013
2015-04-13,9.349207988980716,31.85934369420984
2015-04-14,10.431914191419143,726.8185113048293
2015-04-15,9.713754566946056,38.97485011635456
2015-04-16,9.567083897158321,48.81855037872347
2015-04-17,9.468415153553014,51.52528705588514
2015-04-18,9.67546001415428,41.678812369340484
2015-04-19,11.660143884892086,144.89553456139996
2015-04-20,53.36765038444143,597173.1946050883
2015-04-21,9.242995011927999,34.22398735652891
2015-04-22,9.24066852367688,34.165775425780495
2015-04-23,9.112133989224644,31.408900170188627
2015-04-24,9.287889194139193,32.39497312066503
2015-04-25,10.011314138058324,63.77523431448703
2015-04-26,12.923923923923924,350.57813522294254
2015-04-27,9.463282688766114,37.71249410785342
2015-04-28,9.294822888283377,37.44832999208954
2015-04-29,9.205291005291006,34.93537599145448
2015-04-30,9.338137839628894,34.53454899837637
2015-05-01,10.393076081007115,64.30997528093468
2015-05-02,10.068935538592028,96.99174891501839
2015-05-03,10.892617830777967,61.660053487940885
2015-05-04,9.865922844175492,236.72225173834403
2015-05-05,9.487881004633016,40.30162665184567
2015-05-06,9.433842794759826,39.245851280028994
2015-05-07,9.323708759954494,37.80565639356694
2015-05-08,9.511326412918109,38.52142633266982
2015-05-09,9.209181415929203,33.70290071960506
2015-05-10,11.621529051987768,631.3952464322123
2015-05-11,11.121433666191155,6243.115918452303
2015-05-12,9.105082319255548,29.229986886325946
2015-05-13,9.466102430555555,69.6708082228706
2015-05-14,9.600756013745706,42.986932791950466
2015-05-15,9.276714573877964,34.79289942574592
2015-05-16,9.95808510638298,44.20652490577718
2015-05-17,11.20368782161235,103.68257562822686
2015-05-18,9.797348484848484,109.27989263031638
2015-05-19,9.34269508057676,33.11587966168593
2015-05-20,9.776188946015424,80.36273902851367
2015-05-21,9.32056603773585,45.372894721704405
2015-05-22,9.211578697099382,35.581888996141984
2015-05-23,9.780506108202443,64.80424834596194
2015-05-24,11.392833333333334,83.35506102765865
2015-05-25,9.475367730255714,44.21242442876782
2015-05-26,9.626753812636165,239.56071789080914
2015-05-27,9.538584795321638,48.19330202980921
2015-05-28,9.070953723279304,34.67243714023279
2015-05-29,9.429435071574643,199.43388668495993
2015-05-30,9.919899723374826,43.218234315536975
2015-05-31,11.736882036221242,214.84060054178315
2015-06-01,9.786696105072464,334.3515467700368
2015-06-02,9.647711154094132,130.78092755350346
2015-06-03,9.21691129546905,33.65578236526407
2015-06-04,10.345915032679738,685.2829269472123
2015-06-05,9.53707030383677,40.878442343256545
2015-06-06,11.107268891446108,135.13527768350252
2015-06-07,12.770478219696969,630.2280370556338
2015-06-08,9.652947295423022,250.64105249178414
2015-06-09,9.437249127399651,53.4910748478856
2015-06-10,9.295278532608695,36.62899253510198
2015-06-11,9.522869285550195,45.38610977684832
2015-06-12,9.426527879230582,36.470234475525785
2015-06-13,9.63233128834356,41.203740122163474
2015-06-14,11.223092643051771,104.71962251285447
2015-06-15,9.112005108556833,34.77483616902638
2015-06-16,9.118626768731152,35.20669822124821
2015-06-17,9.592809364548495,36.54427835832362
2015-06-18,9.416330513988289,37.680646045781955
2015-06-19,10.497113594040968,62.52698380790606
2015-06-20,9.794095365418896,42.08172583530795
2015-06-21,14.71671974522293,1296.3168314697978
2015-06-22,8.976237511353315,31.380200126235664
2015-06-23,9.207738961669092,41.7789802849695
2015-06-24,8.99875936329588,59.637246839531294
2015-06-25,9.190479856299717,36.31700482862578
2015-06-26,9.699914841849148,363.96752231235973
2015-06-27,9.399260124610592,38.363091069877896
2015-06-28,13.262723085780081,982.5610988964671
2015-06-29,8.881845919145691,34.58926686987959
2015-06-30,9.699417475728156,490.11875937547165
2015-07-01,9.862375,89.5689771228546
2015-07-02,9.165676567656766,42.67354348704512
2015-07-03,9.519298884036875,76.58553870853167
2015-07-04,9.541392904073588,47.5020102502479
2015-07-05,14.086053089643167,498.9625862751735
2015-07-06,9.27808526551982,46.551765309757016
2015-07-07,9.150392603850051,41.4767799471392
2015-07-08,9.375427196149218,81.01485375322581
2015-07-09,9.128505007153075,32.62144748104556
2015-07-10,9.352562225475841,38.45035769555534
2015-07-11,9.270725490196078,36.105796554577864
2015-07-12,11.886755555555556,132.40382524056767
2015-07-13,9.00980106744299,34.441889788025115
2015-07-14,9.057401052390757,33.96118850945249
2015-07-15,9.064303717706364,45.7040288461869
2015-07-16,9.226931567328919,43.000415142210294
2015-07-17,9.46872591522158,33.908218420524996
2015-07-18,9.21073200992556,34.337019601522066
2015-07-19,12.637789058093627,673.9271326552391
2015-07-20,9.510103626943005,43.41638775880088
2015-07-21,9.845615365175638,70.54876953968622
2015-07-22,10.140819710968964,629.5989853241191
2015-07-23,9.444975202297051,38.81116051183676
2015-07-24,9.572705128205127,39.564946615575415
2015-07-25,9.013557962294424,47.72086549164969
2015-07-26,12.179535232383808,267.06053360081705
2015-07-27,9.055942841880343,50.17931398158286
2015-07-28,9.320093956865257,38.14145672905817
2015-07-29,9.350093830635704,44.380485124210004
2015-07-30,9.781353247341027,161.3121347012943
2015-07-31,10.180455359426963,170.6557155972335
2015-08-01,10.623239942528736,967.098478260476
2015-08-02,12.797168882323977,170.47285070072658
2015-08-03,8.874884898710865,36.31516891863233
2015-08-04,9.04768283852281,30.41871604394113
2015-08-05,9.011730945821855,37.43824233448245
2015-08-06,9.009520594193113,35.39132971746217
2015-08-07,9.358466569767442,51.229842406477495
2015-08-08,9.876798561151078,47.9661780671501
2015-08-09,13.205038759689922,796.3959161691304
2015-08-10,8.931678082191782,43.31833439956491
2015-08-11,9.111539336061846,40.37496819386306
2015-08-12,9.51771402550091,60.676286970946194
2015-08-13,10.162204534491075,1258.332615041569
2015-08-14,9.905878236529041,464.06869324660096
2015-08-15,9.64560185185185,74.28552460470715
2015-08-16,11.84161522633745,167.04491498962184
2015-08-17,9.758117386489479,531.1789605491546
2015-08-18,9.551511308391461,76.66126692628572
2015-08-19,9.635721247563351,100.9434061338113
2015-08-20,18.487263649883154,2470.3297248347067
2015-08-21,9.435793018983466,36.67595578583632
2015-08-22,9.755872369314325,44.46198892558985
2015-08-23,11.973072916666666,263.15408861230617
2015-08-24,9.9540258143823,866.4117336461836
2015-08-25,11.6722581910928,1396.4756600526543
2015-08-26,11.924936461388073,2104.1433040273228
2015-08-27,9.275527690700105,50.75375420868139
2015-08-28,9.533885350318473,102.24567988770393
2015-08-29,9.531855855855856,52.789686968136984
2015-08-30,11.63249686323714,109.2697082609127
2015-08-31,9.312918254976704,41.377122692614144
2015-09-01,9.883740912095176,106.22184672530415
2015-09-02,9.110206489675516,37.918222868264316
2015-09-03,8.794528460407477,38.20553803413068
2015-09-04,9.247136886102403,42.350283864911376
2015-09-05,9.865826023391813,70.33541824607403
2015-09-06,12.332251908396946,123.66883923950463
2015-09-07,9.142514855280814,61.49300572914569
2015-09-08,9.228462273161414,36.19118421023812
2015-09-09,8.865682179793158,33.13265292738772
2015-09-10,9.219646799116997,51.74505590933184
2015-09-11,9.2614946307254,41.12304450437547
2015-09-12,9.348457411133468,43.64283525928991
2015-09-13,12.085714285714285,123.96214324858599
2015-09-14,9.636497380088674,949.4165511173895
2015-09-15,9.534795875420876,74.69967165059289
2015-09-16,11.159889846743296,2682.1906058871323
2015-09-17,9.46588437321122,83.41593454103281
2015-09-18,9.330603024945983,137.57771987330597
2015-09-19,9.93091964558509,86.23037898018347
2015-09-20,12.475048058439063,185.12175607608128
2015-09-21,10.134321401938852,673.1596579798364
2015-09-22,9.535819027181688,40.85800270451284
2015-09-23,9.380016583747928,33.29782607519192
2015-09-24,9.219133801548711,183.44712844449006
2015-09-25,9.346077819392425,38.043144611054636
2015-09-26,10.442315369261477,49.20672052869147
2015-09-27,12.757852564102565,462.9656064233973
2015-09-28,9.310850942318675,128.6045348881819
2015-09-29,9.308410367953599,46.229546262651496
2015-09-30,9.58058244184072,41.6954570906485
2015-10-01,9.42231040564374,43.65265238521604
2015-10-02,9.582561983471074,64.65380468461295
2015-10-03,9.500967007963595,49.768398342966016
2015-10-04,11.3511451726568,106.97354101523425
2015-10-05,9.067676767676767,33.426888757907015
2015-10-06,8.891823734729495,31.640584851051496
2015-10-07,9.193713600548133,43.338666830472484
2015-10-08,9.230908096280087,35.75107116907144
2015-10-09,9.307499518025834,34.908114377973654
2015-10-10,20.056694888679836,119978.70045602556
2015-10-11,15.39296218487395,1337.104276857078
2015-10-12,9.867496598639455,597.1489229217613
2015-10-13,9.595490294511379,104.61697181150227
2015-10-14,10.05446531553798,583.3609502126533
2015-10-15,9.401579406631763,35.38075168029278
2015-10-16,9.989467787114846,94.22483015381049
2015-10-17,10.89027397260274,1197.4660908247283
2015-10-18,11.597110600841944,247.7177020504607
2015-10-19,9.365050835148875,35.43022899529511
2015-10-20,9.23521021021021,46.289643585122306
2015-10-21,9.26747743229689,38.156845665571744
2015-10-22,9.404199110122358,44.50179139123646
2015-10-23,9.03854961832061,46.476834858591296
2015-10-24,9.399700470688918,38.93617671679356
2015-10-25,14.950203252032521,2438.348676429234
2015-10-26,9.416990116801438,36.99244745615298
2015-10-27,9.871447948457105,110.49775603639004
2015-10-28,10.095117932708984,897.3933668927892
2015-10-29,9.468764805414551,53.96975040625467
2015-10-30,9.514964073726961,44.3373180803216
2015-10-31,10.083156185414822,40.04198233659712
2015-11-01,12.65785827395091,1015.0727929105285
2015-11-02,9.455019351717464,53.12337448925651
2015-11-03,9.695626721763086,415.9601353290954
2015-11-04,10.13175925925926,383.1011783924098
2015-11-05,9.478631815044858,143.22641453195712
2015-11-06,9.149677644188882,34.76273568752476
2015-11-07,9.672222222222222,47.57133006268737
2015-11-08,11.011303538175047,117.56319951688415
2015-11-09,9.30055525703027,39.3864151634474
2015-11-10,9.137686939182453,34.861086328987504
2015-11-11,9.242492639842984,33.54993433897917
2015-11-12,9.406302810829454,90.66700749924036
2015-11-13,9.22443545669026,34.372532488975445
2015-11-14,9.745297427652734,49.181587101954555
2015-11-15,12.140188323917139,301.6917805074807
2015-11-16,10.2918909221385,74.9151820168249
2015-11-17,9.224354338842975,33.933665101137635
2015-11-18,9.296416298478153,47.15232261246499
2015-11-19,9.326373441186384,36.33226283759694
2015-11-20,9.275770737523422,44.94201134186768
2015-11-21,10.397044270833334,828.7660144086029
2015-11-22,11.200899928005759,166.05235894901358
2015-11-23,9.21182461591576,34.84257772259239
2015-11-24,9.034889434889434,37.68172487988128
2015-11-25,9.27347182425979,35.05234059237339
2015-11-26,9.166492864983534,39.32713631122497
2015-11-27,9.509407740004276,45.007559062781354
2015-11-28,9.18405737704918,32.20521390427971
2015-11-29,12.427008928571428,198.8340574122108
2015-11-30,9.65727165487024,233.51718800563557
2015-12-01,9.643729615133724,102.12327129010204
2015-12-02,9.500117548278757,94.90668821422193
2015-12-03,9.528074954597987,483.8178928566188
2015-12-04,9.275749010740531,35.225321876134124
2015-12-05,9.22701928872815,40.670263515565274
2015-12-06,12.065089248650892,303.5018068741251
2015-12-07,9.316425658138673,33.98924714400963
2015-12-08,9.039198966408268,32.26847542948307
2015-12-09,9.508100358422938,68.53568116618241
2015-12-10,9.163691445107615,31.917560964701178
2015-12-11,9.385330912025827,35.495166274440564
2015-12-12,10.051171529619806,86.18295900639515
2015-12-13,11.709816207184627,90.34549253553517
2015-12-14,9.328352725045928,65.19789865328669
2015-12-15,9.65314063368538,63.51680248416616
2015-12-16,9.663812851873422,76.56758800484116
2015-12-17,9.246176470588235,35.36385791142038
2015-12-18,9.798098941456038,48.32236055714469
2015-12-19,10.17195462478185,152.4967216587821
2015-12-20,12.691745816372682,288.2710251484672
2015-12-21,9.248475452196383,40.61759529484559
2015-12-22,9.314554707379136,34.52125264512466
2015-12-23,9.211789234268386,33.12685319479542
2015-12-24,8.906768558951965,33.5361960213489
2015-12-25,11.319364508393285,136.45874018835485
2015-12-26,9.663293310463121,39.79612071240839
2015-12-27,14.416182170542637,210.29547121890857
2015-12-28,9.60832597822889,42.17426022030309
2015-12-29,9.922720544701006,94.96019813279824
2015-12-30,9.532168046611469,37.281141468767295
2015-12-31,9.903058929374719,112.21135249216807
2016-01-01,11.026353276353277,86.23786621896625
2016-01-02,10.148374542124541,46.45226045986149
2016-01-03,13.428109161793373,327.1485076747732
2016-01-04,9.732781609195403,45.51613227724763
2016-01-05,9.21472385941934,53.94997510754676
2016-01-06,9.411926605504588,81.90648727599176
2016-01-07,9.103023164507263,31.910796525227546
2016-01-08,9.53376357303831,44.08641603727556
2016-01-09,9.602228070175439,37.33543730889389
2016-01-10,13.202335708630246,1998.1089323104738
2016-01-11,9.425232934017874,134.58216703253206
2016-01-12,9.344609557109557,42.58714407163131
2016-01-13,8.963642930856553,27.700985447253984
2016-01-14,9.149852995222345,178.12208522689153
2016-01-15,9.48620529924032,39.8228727260898
2016-01-16,9.597765991642559,43.77040550417468
2016-01-17,12.797921306607275,219.1490239165057
2016-01-18,9.23066631224526,35.23531749905434
2016-01-19,9.254543938635985,33.138788846236054
2016-01-20,9.299753347427767,39.49000728386278
2016-01-21,8.947819717338849,33.322407585116586
2016-01-22,9.562679985601152,37.202371546013715
2016-01-23,9.522377098321343,39.643807995682636
2016-01-24,12.728698752228164,667.6595996016343
2016-01-25,9.21058201058201,35.17009271815498
2016-01-26,8.804613250086716,30.486850995583506
2016-01-27,9.012152437029767,43.06387831897591
2016-01-28,8.947625376572745,31.598171072112137
2016-01-29,9.58203451407811,86.9487016624456
2016-01-30,9.437514827995255,43.62662640969387
2016-01-31,12.252192422307365,218.35152935877696
2016-02-01,10.250209380234507,80.95859464513333
2016-02-02,9.130988760098349,36.36088376968563
2016-02-03,9.322881944444445,82.46274376001192
2016-02-04,9.069065593021305,74.02918972172232
2016-02-05,9.317696103454143,47.68359884324842
2016-02-06,10.484876805437553,696.4718837173307
2016-02-07,11.924512195121952,186.72609832368755
2016-02-08,9.222234432234432,51.899728618885796
2016-02-09,8.926777662157475,36.85595185302155
2016-02-10,8.87366560622128,59.27397427208845
2016-02-11,9.03208658008658,40.13022049377053
2016-02-12,9.285097939885175,55.317487874054414
2016-02-13,9.49752190994258,35.72837961675586
2016-02-14,11.764665249734325,106.88529297588441
2016-02-15,8.901246346914217,33.44757140190078
2016-02-16,8.93897249610794,35.3010461226423
2016-02-17,8.885043352601155,31.80148556170734
2016-02-18,9.059600267603278,29.9022173044354
2016-02-19,9.351758050478676,40.73079395861327
2016-02-20,11.161789321789321,442.2489021489128
2016-02-21,12.79352847471127,227.17178189967282
2016-02-22,9.330956032719836,65.59242586018566
2016-02-23,9.085038066865277,43.24099670606261
2016-02-24,9.425285468481151,47.39407748106736
2016-02-25,9.091365265558814,36.91791345162856
2016-02-26,9.157509741409848,32.62300045843776
2016-02-27,10.106758764111705,65.4379295484537
2016-02-28,12.190796857463525,136.2421798761646
2016-02-29,9.941319444444444,653.7936067169834
2016-03-01,8.87209865335149,40.589635935767184
2016-03-02,9.100248981439567,42.95274337095115
2016-03-03,9.2312600064041,406.9794688425037
2016-03-04,9.239319423745654,52.50943164946404
2016-03-05,9.709110601427115,43.17142696488964
2016-03-06,18.880599472990777,30265.454122642826
2016-03-07,9.184134765017118,36.43633064081578
2016-03-08,9.333106625713032,40.475288822837335
2016-03-09,8.291418005610813,27.022420975639534
2016-03-10,9.134366150258204,41.22379532164469
2016-03-11,9.259610768175584,333.4716947703626
2016-03-12,9.852752546105146,177.03013153568557
2016-03-13,11.818472998137802,243.52351431989536
2016-03-14,9.70543325526932,151.9477688101713
2016-03-15,10.061369740376007,337.00968208575154
2016-03-16,9.065951327433629,35.10197442781049
2016-03-17,9.021381142098273,28.83411035417428
2016-03-18,9.01382189239332,30.72507285220215
2016-03-19,9.709206877426512,140.67272670876213
2016-03-20,13.25938586326767,439.70807821224116
2016-03-21,12.191810620601407,453.90671481008224
2016-03-22,9.437155745489079,38.52153562821676
2016-03-23,9.33578466714732,37.719873736506806
2016-03-24,10.660103819058213,202.40587682662627
2016-03-25,12.29567354965585,2718.4674783820287
2016-03-26,10.089882629107981,70.88104034038102
2016-03-27,14.220070568700706,929.1035447858147
2016-03-28,9.05507775904066,32.53311287202786
2016-03-29,9.08985870979736,34.59771626226795
2016-03-30,9.036924546322828,36.45304360700732
2016-03-31,10.039884608226318,635.9349772306248
2016-04-01,9.410394857667583,39.93901108374178
2016-04-02,9.231708012546337,40.77753731040853
2016-04-03,11.398961748633878,191.74331493106627
2016-04-04,9.250412932700755,35.469886286264924
2016-04-05,9.001647111913359,33.959941228611655
2016-04-06,9.360803404009808,109.55363479918803
2016-04-07,9.341298644512461,35.54561031336795
2016-04-08,8.722609351432881,39.08206466348079
2016-04-09,8.793972986748216,40.57187621214058
2016-04-10,13.31453034927094,642.5441077872379
2016-04-11,9.175664115263395,46.7252832486922
2016-04-12,8.918425605536333,36.54842687739009
2016-04-13,8.854748275355938,41.98383512872622
2016-04-14,8.878220902276906,89.20442124395643
2016-04-15,9.065392385392386,31.46941975811988
2016-04-16,11.500604490500864,1904.8492237083944
2016-04-17,11.381746826987309,82.62272092859519
2016-04-18,9.069132064590542,66.24423955599242
2016-04-19,8.888967723984418,37.78777130232142
2016-04-20,9.05588756086764,54.11626169958485
2016-04-21,8.75092037671233,42.93581059675051
2016-04-22,8.97531503150315,38.230276490334695
2016-04-23,9.654392951967173,49.33770733855242
2016-04-24,12.212122557726465,478.7917445179045
2016-04-25,8.771505376344086,33.06589270767562
2016-04-26,8.746244744091634,31.305906257451607
2016-04-27,8.673132853310744,31.744668622690966
2016-04-28,8.647535160214586,32.358119344994286
2016-04-29,8.846964338343648,33.28880177876609
2016-04-30,9.640393852065323,41.69929121703496
2016-05-01,11.905988455988455,180.86613611771736
2016-05-02,8.738769338959212,55.68759613503797
2016-05-03,8.737053445850913,34.68995625482251
2016-05-04,8.948438352427715,42.787560779433484
2016-05-05,9.530392156862746,321.85199080891357
2016-05-06,9.044439208294062,32.96611841604697
2016-05-07,9.561279854620976,285.7729234581234
2016-05-08,12.691649625085207,220.65769887949997
2016-05-09,8.884430489389347,30.534778788024354
2016-05-10,9.045492712294044,303.39366607507816
2016-05-11,9.140281258702311,43.9401690066199
2016-05-12,9.496945154873544,384.2431835092384
2016-05-13,9.06955185851319,34.72832937872603
2016-05-14,9.491032470826992,39.10531704269533
2016-05-15,10.996544140747723,73.57350376904036
2016-05-16,8.921956989247311,37.62322262197793
2016-05-17,8.759780940421376,32.53069412191648
2016-05-18,8.760505915952672,33.83528651945487
2016-05-19,9.21404566996984,220.40411537358392
2016-05-20,9.201890272014754,55.75117493075852
2016-05-21,9.702053231939164,46.78755835501974
2016-05-22,11.479158964879852,124.01307614471396
2016-05-23,9.141990456714383,339.98686105737386
2016-05-24,9.03451267452894,39.56496312355091
2016-05-25,8.926472233878863,49.507303754511376
2016-05-26,9.123298097251585,37.16539464530792
2016-05-27,9.150394656952034,36.01007653362064
2016-05-28,9.279701978462308,35.72269106399869
2016-05-29,12.096434782608695,119.23924508688494
2016-05-30,8.951482422702245,36.809743093393855
2016-05-31,9.01633518960488,33.95177488234171
2016-06-01,8.894522336769759,100.32733991773742
2016-06-02,9.64616466755516,177.78850182689717
2016-06-03,9.207156952034001,35.86782536821747
2016-06-04,9.547765830346476,43.763405454450876
2016-06-05,13.310988835725679,2172.573966773497
2016-06-06,9.276214329083182,178.93003940046057
2016-06-07,9.645660585959092,229.617993973326
2016-06-08,8.878840213423196,45.82291490661092
2016-06-09,9.119425770308123,65.90964069576272
2016-06-10,9.301024740155176,70.22941800822379
2016-06-11,10.614401294498382,1199.4218512142834
2016-06-12,12.022034764826175,253.41930670503382
2016-06-13,8.970433942636351,52.625727326725226
2016-06-14,9.718682488970028,356.5553083394755
2016-06-15,9.086086529006883,41.654436861162424
2016-06-16,9.167679324894515,37.18518775510441
2016-06-17,11.429571363429092,6793.714616188857
2016-06-18,9.43589058524173,36.1059010609332
2016-06-19,13.366155115511551,725.4268059818611
2016-06-20,9.561149375807146,120.84948564841142
2016-06-21,9.1825634057971,114.26298359865632
2016-06-22,9.285588068985016,44.25956298547584
2016-06-23,9.586527839976116,58.40841571648107
2016-06-24,9.132878431372548,53.65488758329951
2016-06-25,9.36983055334922,47.49264344414968
2016-06-26,14.797339527027026,2954.543357948308
2016-06-27,9.31355302671092,64.97377324393204
2016-06-28,8.989004771642808,40.221719503750684
2016-06-29,9.84031746031746,934.4476155210112
2016-06-30,10.11882768361582,882.6447153129534
2016-07-01,9.391276156793397,48.184739576659666
2016-07-02,9.775842266462481,74.10890786816194
2016-07-03,12.45131861392211,239.26698772149408
2016-07-04,9.336409915891988,72.57384017615193
2016-07-05,9.198272259723561,53.590310970701324
2016-07-06,9.175862841774988,35.863909039674475
2016-07-07,9.755157289776164,358.93173084224804
2016-07-08,9.602644087938206,47.37190165976636
2016-07-09,10.391233985165206,81.15699500496805
2016-07-10,12.77646890226426,132.86881423700788
2016-07-11,9.698768187830687,85.12406506583928
2016-07-12,9.612352589938798,287.10135209924084
2016-07-13,9.377701098248737,49.00927128285252
2016-07-14,9.134164648910412,33.35686986736513
2016-07-15,9.866298558897244,79.8440320171781
2016-07-16,10.246387349953832,508.6142263714541
2016-07-17,13.097778943686603,144.53422679608732
2016-07-18,9.592813387120872,49.65188106486106
2016-07-19,9.414905149051492,43.58078825322357
2016-07-20,10.019551872314304,512.4850802126211
2016-07-21,9.564765151515152,110.90095300429236
2016-07-22,9.213284659281637,45.24369538525906
2016-07-23,11.655721784776903,2096.9970296642405
2016-07-24,15.36535409035409,408.5716618869296
2016-07-25,8.994224270353303,35.223847574289
2016-07-26,9.803992638822212,65.03354032719514
2016-07-27,9.367212121212122,50.50124320544306
2016-07-28,9.724801472012397,68.13048449706245
2016-07-29,9.668821034775233,268.1064337473736
2016-07-30,10.012758875739644,109.1171434069035
2016-07-31,12.884408602150538,220.60918037779047
2016-08-01,9.161523378582203,38.41921150050956
2016-08-02,9.579350572150394,241.84288134532656
2016-08-03,9.607443884562528,193.31213508666264
2016-08-04,9.833333333333334,138.97193657927585
2016-08-05,9.465196320026287,46.389024655993474
2016-08-06,9.907439257439258,52.530740377113275
2016-08-07,13.261979648473636,200.62276607736322
2016-08-08,9.204449588477367,59.828796597445866
2016-08-09,9.279838709677419,38.75444492641178
2016-08-10,9.559945862335654,308.20196205731685
2016-08-11,9.542331234697448,68.42447294686059
2016-08-12,9.014957264957266,38.09111584140322
2016-08-13,9.652826442419995,48.52472085087581
2016-08-14,14.478380364491477,344.5151875186256
2016-08-15,9.55903074295474,250.89674751996222
2016-08-16,9.135921536575397,38.28926557974089
2016-08-17,9.239028234649123,38.09082556929253
2016-08-18,11.232288345731492,904.750395493957
2016-08-19,11.236551934206519,546.7413025225488
2016-08-20,11.373269980506823,247.48320912432314
2016-08-21,14.84394861392833,1397.3450631529724
2016-08-22,13.312766594775942,7270.119803294488
2016-08-23,10.657421214832489,135.05026669049752
2016-08-24,12.531497948016415,3078.900311375324
2016-08-25,10.76099821243767,133.23908064893976
2016-08-26,10.951722051568463,352.50434945456686
2016-08-27,11.772711213517665,1078.7440932299198
2016-08-28,14.469794820047092,468.8994029642183
2016-08-29,11.159066917158706,564.4038926384447
2016-08-30,11.1749063670412,549.4373975307266
2016-08-31,11.19021502778449,1081.3111870570233
2016-09-01,10.501757098678661,88.39403914083228
2016-09-02,10.787030574941841,193.85499851569983
2016-09-03,11.845680021804306,839.3864675832791
2016-09-04,14.265075175943698,934.4438443481097
2016-09-05,11.035327810166716,835.4998771681024
2016-09-06,11.200047596382674,1041.5900764345622
2016-09-07,10.736659752631175,51.43975520972617
2016-09-08,11.2380963721521,652.2693558481046
2016-09-09,11.265027530707327,1895.8957586948054
2016-09-10,11.529420289855073,770.7809883725589
2016-09-11,14.325393648251936,203.96050584106294
2016-09-12,10.550564152159897,47.13648120792173
2016-09-13,11.100663919413918,642.295656124768
2016-09-14,11.19663893884892,520.1626983301885
2016-09-15,11.28836641852771,509.4115127467611
2016-09-16,10.84105516871987,55.66571011026911
2016-09-17,11.339872262773723,228.7083503969829
2016-09-18,14.081667387855186,190.55710580928286
2016-09-19,10.680459479929311,43.721609794436496
2016-09-20,11.562502815949538,776.053376767397
2016-09-21,10.995745233325914,319.60112225357165
2016-09-22,11.44589605734767,818.0157335543557
2016-09-23,11.149654784842646,609.4937972254813
2016-09-24,10.995005175983437,95.28663674646747
2016-09-25,14.786173059768064,669.4958519154982
2016-09-26,10.901398020101261,149.73143064776727
2016-09-27,12.59620473274363,1890.240455823576
2016-09-28,218.45698844267065,49521202.99476097
2016-09-29,236.25597484276733,56717522.91250453
2016-09-30,556.304661253085,161617326.59973297
2016-10-01,198.00219365566645,34367896.88222985
2016-10-02,154.3835375599361,21062106.6272783
2016-10-03,149.5099009184928,25058729.988396507
2016-10-04,263.1776824477982,73675969.86137304
2016-10-05,69.6488049681101,16066311.755772205
2016-10-06,253.68376401421932,55868058.00214603
2016-10-07,165.1335384726121,36022149.732021555
2016-10-08,12.409158415841585,304.5562066756774
2016-10-09,124.89728818528292,27398029.726741787
2016-10-10,156.48830360265828,31002068.594835743
2016-10-11,281.9637442649112,81130295.88782862
2016-10-12,175.20130605331195,33727419.726640254
2016-10-13,257.74145203812617,61652743.37950031
2016-10-14,42.19197912228377,4122874.649052243
2016-10-15,98.40085737458,21845805.800046373
2016-10-16,151.55338573989795,22860140.997612365
2016-10-17,145.23080415045393,40616019.82548617
2016-10-18,95.26949421425905,18920061.786720034
2016-10-19,95.05033294163731,16581214.115898116
2016-10-20,309.02908071299817,80407685.28512515
2016-10-21,196.02233137532914,52425865.74179399
2016-10-22,11.475484949832776,183.7438759682318
2016-10-23,44.564995787700084,1369167.5348377773
2016-10-24,101.63708207705193,17760493.44108127
2016-10-25,165.1581030954208,38721497.13099384
2016-10-26,161.99444340153934,27945259.16595039
2016-10-27,182.97492390389223,52876053.1800923
2016-10-28,104.6999128277342,21720102.573420182
2016-10-29,76.10426204490953,10856532.190113598
2016-10-30,254.45688474705207,54840364.73026456
2016-10-31,60.94724049000645,4594274.356375199
2016-11-01,77.2662939882698,14673959.713297946
2016-11-02,44.45766401505431,1632026.2703804332
2016-11-03,228.64360099595396,62832851.469462395
2016-11-04,72.22646307934014,19008977.11646431
2016-11-05,181.13062669165103,31514371.99603853
2016-11-06,307.30402484175323,86962747.06048924
2016-11-07,220.70016770337847,51766812.16064625
2016-11-08,234.48334265473525,51195103.54110909
2016-11-09,263.5800809945376,43455846.83969581
2016-11-10,354.19046746399175,82469674.8602728
2016-11-11,352.5784809683739,69397560.61113362
2016-11-12,93.35995807127883,6834606.445096686
2016-11-13,88.59210086840348,5809266.319025641
2016-11-14,135.31226452119307,25636849.07250183
2016-11-15,236.8750382803298,38020645.15563183
2016-11-16,271.5669943987606,61451218.79251165
2016-11-17,284.608107055086,76014054.16041133
2016-11-18,250.2118761886025,55355554.108316615
2016-11-19,192.7220966620306,32875474.283391263
2016-11-20,267.4208571428572,43658478.05644209
2016-11-21,300.3523903077931,52317785.40085502
2016-11-22,63.73657572906867,8507998.380937507
2016-11-23,136.6291519544075,21447316.47137387
2016-11-24,140.1349218122257,33958318.475673154
2016-11-25,128.75037554004652,19371834.56926919
2016-11-26,191.922272,35194692.63025514
2016-11-27,215.84192595510044,42032540.500962295
2016-11-28,147.97224100156495,27357602.68722384
2016-11-29,282.87107825240355,56752194.66729768
2016-11-30,136.78887885899982,22562201.487562295
2016-12-01,176.05045200825143,25989122.01784879
2016-12-02,264.8527733118971,72646318.0174918
2016-12-03,65.3884530141844,8729848.077309627
2016-12-04,13.645303867403316,589.0837289998864
2016-12-05,142.75027378507872,22419355.647259213
2016-12-06,49.10352261790183,6095641.280331461
2016-12-07,111.2069330012135,18193694.841209807
2016-12-08,156.975591440723,24550804.89630873
2016-12-09,171.08928445292082,29422476.10802737
2016-12-10,253.18793926987377,42839020.53836212
2016-12-11,161.85541631265932,24671747.225945193
2016-12-12,87.53728559959129,8195437.649390188
2016-12-13,241.5704459861249,57312562.07303742
2016-12-14,206.01683862433862,42500496.681928374
2016-12-15,189.1978655859507,36242463.60937802
2016-12-16,11.912846907993966,1020.9868933918601
2016-12-17,106.8233020231214,13403945.828195324
2016-12-18,85.04073990355636,11370074.170050764
2016-12-19,132.2369754159424,17636657.879553728
2016-12-20,223.2200749335267,35086359.429048
2016-12-21,50.56142641888498,6078243.0536088385
2016-12-22,180.57228839559647,40537381.62867705
2016-12-23,58.35863531995608,7351437.755933368
2016-12-24,141.32368368368367,14211196.254073845
2016-12-25,15.013276299112801,751.1937721925356
2016-12-26,56.472948624299974,5677819.327346759
2016-12-27,36.47667918231122,2031966.2478212954
2016-12-28,61.09756623536661,5805631.227463342
2016-12-29,170.45715653663945,33051814.933254883
2016-12-30,38.98319591029024,2238951.637860327
2016-12-31,12.163476874003189,916.2290799498345
2017-01-01,233.04627143922448,32056208.834957942
2017-01-02,98.21987070017077,10872851.67092786
2017-01-03,91.68399714052288,9362304.632260406
2017-01-04,212.74248014347938,35366953.46949
2017-01-05,113.85297795023405,19866758.752522904
2017-01-06,94.7559586162302,20335684.17999582
2017-01-07,218.789768321513,55045845.9027363
2017-01-08,131.18678221907794,19227896.383214034
2017-01-09,77.48042239454824,7185573.508188008
2017-01-10,110.48983065343826,20372498.892661065
2017-01-11,304.3852580408117,46801408.18583785
2017-01-12,136.29025045228403,20141177.223125067
2017-01-13,136.66153203021392,25167788.347181693
2017-01-14,76.57963543150099,7671174.588773501
2017-01-15,175.2997502270663,19448674.94387723
2017-01-16,116.29871855469776,19133031.650788523
2017-01-17,29.221246690734056,1931614.8976625628
2017-01-18,70.16983556012333,6896046.328308333
2017-01-19,80.22837471564783,7822659.599475049
2017-01-20,216.76065603668388,31206791.059824765
2017-01-21,135.9232439844303,14589914.844374292
2017-01-22,190.63386312033737,20218781.269473363
2017-01-23,216.00170294236193,36900894.22240092
2017-01-24,134.07670662670662,19422900.259205468
2017-01-25,107.49020908435472,10504000.00726569
2017-01-26,187.3003066896684,30532087.93901415
2017-01-27,248.59436634224213,43970453.26316918
2017-01-28,82.64709782336753,10863539.700789329
2017-01-29,191.3517629723187,31457970.838445764
2017-01-30,122.12585364708093,11856577.289893556
2017-01-31,132.62481276371307,12567057.901422342
2017-02-01,228.57686881598255,33690790.28835407
2017-02-02,160.61510974622672,21416169.69093522
2017-02-03,150.60974719242583,26154402.719639655
2017-02-04,44.92331081081081,2715842.2190633286
2017-02-05,25.92542904290429,332949.37486404506
2017-02-06,98.99037400367872,8041702.252270079
2017-02-07,73.5406517165749,8217937.043477601
2017-02-08,104.61327086656034,13365018.971660808
2017-02-09,124.54616720808517,9726882.149884215
2017-02-10,69.84043712047466,4785852.080919344
2017-02-11,66.69708722368526,12459536.162411453
2017-02-12,90.49511339092874,8930034.838913493
2017-02-13,98.31247350474611,12416736.94448501
2017-02-14,118.04615754082613,14593579.14066076
2017-02-15,179.34950892091268,24419085.49276905
2017-02-16,71.31464827342265,9348080.835037159
2017-02-17,38.29745683183183,2216730.856806067
2017-02-18,120.76021642020949,20920255.35379823
2017-02-19,189.1214495736548,23327518.36428646
2017-02-20,128.6316429093567,14683585.75380037
2017-02-21,84.98088402377206,7663893.898770912
2017-02-22,47.63254704652378,1873766.1774885613
2017-02-23,58.08399577446191,4826182.447365029
2017-02-24,37.57214695643993,1602567.3458935923
2017-02-25,57.554649972438774,2939955.244794389
2017-02-26,134.81352364475202,9455185.415804638
2017-02-27,99.10005157875852,10627264.154863482
2017-02-28,67.60267608649112,3328461.637182084
2017-03-01,49.49695124529578,3060381.933833066
2017-03-02,22.940534321871404,392355.41355250246
2017-03-03,118.9326841295693,12096286.005993223
2017-03-04,33.69140951103161,1082815.581955499
2017-03-05,78.89075806164261,5868108.001330612
2017-03-06,83.21831568858101,9788714.143723179
2017-03-07,16.64039158220377,245246.56787600153
2017-03-08,34.221137903463365,1921665.511976811
2017-03-09,80.57128570816737,8160545.535248739
2017-03-10,71.07177447861436,5697271.228775451
2017-03-11,90.57175915176845,10542928.867492348
2017-03-12,88.4593488824101,9799104.822300041
2017-03-13,92.12559369602764,8431174.240476025
2017-03-14,110.7687774122807,10824975.459740428
2017-03-15,56.01843077547706,2786883.275240893
2017-03-16,42.34725102880658,1188419.3485364984
2017-03-17,15.837300513930213,179576.95545753007
2017-03-18,54.69615259476168,3926573.2286422118
2017-03-19,71.09387427838358,7180649.750629586
2017-03-20,66.58557626954072,6662197.484231225
2017-03-21,50.33212795549374,1881630.775608411
2017-03-22,29.93172466755588,912002.7251950166
2017-03-23,52.922671238468446,5029073.349631634
2017-03-24,29.497309004988185,677040.6541064343
2017-03-25,14.482184412733261,43458.157630676025
2017-03-26,98.79589432946324,11600047.617534839
2017-03-27,21.40913187458082,311944.4817057862
2017-03-28,54.73177057147645,5745453.765965266
2017-03-29,88.42447183829329,10374525.092142519
2017-03-30,61.608857985672145,6259307.552304375
2017-03-31,62.48711718888299,5707083.43290724
2017-04-01,104.94411898274295,11396671.451480431
2017-04-02,13.666793974114151,2759.716011338983
2017-04-03,49.69525305410122,2626304.4763882062
2017-04-04,35.17908706191709,3865747.337075889
2017-04-05,22.914243678720727,617173.6083066921
2017-04-06,37.03865406716895,2838135.4038635716
2017-04-07,165.74996169618316,12388454.395455388
2017-04-08,154.38017954722872,10319507.865727562
2017-04-09,178.66133519495295,18931960.25322023
2017-04-10,172.02960557116106,11042983.995092064
2017-04-11,188.7202679343129,17945324.51556726
2017-04-12,90.26796463506396,5873157.992952229
2017-04-13,242.2689869171419,28295924.61403424
2017-04-14,134.25756475946486,12929087.608829372
2017-04-15,301.8544045676998,40862510.73511771
2017-04-16,219.8572683794906,20237020.388991524
2017-04-17,232.92440236818587,27007859.32067435
2017-04-18,79.95153874098293,6735265.776993588
2017-04-19,61.901225210540616,3466448.726649635
2017-04-20,186.4927058062429,21942812.7373574
2017-04-21,32.814629203636756,2259802.3722478296
2017-04-22,165.36824832434203,97085638.78928772
2017-04-23,20.804645278334764,194013.8751749288
2017-04-24,84.5403007583592,8722808.643029017
2017-04-25,23.729679958857503,425879.15983620635
2017-04-26,10.915881936638774,61.103260653447514
2017-04-27,24.161086784269568,1413463.4963682583
2017-04-28,21.734301130524155,605233.8900807914
2017-04-29,62.40428571428571,5639050.928616021
2017-04-30,14.489982833484802,723.6454519828696
2017-05-01,22.570717175030065,378440.0673138042
2017-05-02,28.069289296948057,2173773.8408335047
2017-05-03,26.654721030042918,1974471.426177326
2017-05-04,47.563419596354166,3878112.3015620396
2017-05-05,23.20097811911317,359150.1887804041
2017-05-06,26.124189657771748,722033.1240550812
2017-05-07,75.44016963292546,5566916.75457455
2017-05-08,63.62773957182038,3958530.964931908
2017-05-09,31.47492185621544,1871829.882710891
2017-05-10,11.14879306411134,926.5723286590245
2017-05-11,54.917424052221946,3754038.264213903
2017-05-12,28.18139570087799,1177792.5837221285
2017-05-13,10.654707351105236,84.48842575722007
2017-05-14,13.976581627885244,4163.684957283848
2017-05-15,22.66070262597587,963920.4555577196
2017-05-16,63.07502687850914,5292740.819246081
2017-05-17,38.78235175798535,2149075.168823017
2017-05-18,13.008500816993465,33788.172694951
2017-05-19,55.848709606020364,4435769.910826948
2017-05-20,14.738091646915176,62067.8916590466
2017-05-21,71.08286182251341,5534030.5010782005
2017-05-22,67.85072733495915,5163319.894047253
2017-05-23,37.80205546692846,1746999.5676443793
2017-05-24,35.70643332511708,1841502.8998660282
2017-05-25,34.34925327457461,2214877.7582955756
2017-05-26,23.449848187593425,570709.2154759944
2017-05-27,11.519374466268147,887.3638037916022
2017-05-28,18.568473442074446,101416.05291800338
2017-05-29,30.247821203953276,1486711.4459956149
2017-05-30,29.487844301500907,1119893.928202049
2017-05-31,22.5371568388564,451002.5136756902
2017-06-01,27.993658782083543,810240.5139739442
2017-06-02,18.181521937010743,184614.7284995328
2017-06-03,11.688430296377607,3039.029771446092
2017-06-04,23.26092370597528,358346.7072897747
2017-06-05,22.497775564409032,833787.1618379594
2017-06-06,31.151298619824342,1650001.7200347406
2017-06-07,28.914345134455406,1203891.7914220712
2017-06-08,30.926942156081143,1504418.478137294
2017-06-09,21.902707988220136,746807.9331904257
2017-06-10,10.99136720363486,216.72712523049466
2017-06-11,32.572756997122674,1156344.0273516285
2017-06-12,38.470597059705966,1788429.7829129267
2017-06-13,17.741390020157144,228463.5347957126
2017-06-14,32.24900598458764,1277909.0040044293
2017-06-15,25.936298593879236,908535.3670670096
2017-06-16,11.07316295385176,309.754912078372
2017-06-17,11.609894583787714,273.1196345996081
2017-06-18,30.51994770080916,1045074.3146555235
2017-06-19,18.4743940967714,436314.9080304639
2017-06-20,14.501725417439703,112622.21377062835
2017-06-21,17.70195227310854,392142.3067882341
2017-06-22,10.78267989772312,57.258717844334534
2017-06-23,11.58579201384146,10286.867980141087
2017-06-24,22.637148318042815,625961.182584663
2017-06-25,14.350801326333242,574.5227743715177
2017-06-26,23.83528873356632,578356.6558490335
2017-06-27,34.94981863896789,1119037.585324601
2017-06-28,19.774979070279798,310137.00970133604
2017-06-29,38.67637449535938,1238956.5091705474
2017-06-30,10.966969978746016,160.59035850592556
2017-07-01,20.258538048849356,390193.0966655943
2017-07-02,17.352638317329674,28504.225588003203
2017-07-03,90.64333560399638,37980384.97353148
2017-07-04,29.159153309153307,748123.9642615822
2017-07-05,24.108611783696528,492395.58988661104
2017-07-06,15.26755217476107,116260.8068015201
2017-07-07,18.14972962533797,212378.43901321804
2017-07-08,20.114915579149155,288579.7849281647
2017-07-09,14.766860508461939,167.44345086970029
2017-07-10,15.022288746768268,58099.356219030415
2017-07-11,18.418088369394013,224761.88120754354
2017-07-12,14.579100974846552,123405.36086744338
2017-07-13,31.684191833662624,547860.8989627602
2017-07-14,10.699165362545644,108.32054203331572
2017-07-15,10.838375880866906,52.364047588897876
2017-07-16,14.897558636324005,4988.556990375166
2017-07-17,19.097967080211276,175873.55750798094
2017-07-18,15.487903784832941,62930.928840650544
2017-07-19,21.048765432098765,187790.89499455993
2017-07-20,16.466002664083312,82968.19864801198
2017-07-21,14.357622107370675,45597.15301926012
2017-07-22,13.691809591869145,23004.011435098568
2017-07-23,16.826096327613364,14694.35843628047
2017-07-24,15.395086960565477,52827.33200324479
2017-07-25,13.759569209039547,19977.64312448509
2017-07-26,13.0818418626095,15131.891201991242
2017-07-27,11.259976066144475,562.1654236332056
2017-07-28,16.56291837043768,26706.571113510417
2017-07-29,23.455718577516944,21231.96507007464
2017-07-30,20.48805193741296,20475.763202355123
2017-07-31,11.610091723178577,1767.0430567383955
2017-08-01,11.131708937198068,322.00595114636525
2017-08-02,12.56016991504248,671.1939553156484
2017-08-03,10.894890214150177,202.67714798622757
2017-08-04,12.032862550960978,2694.7266363493754
2017-08-05,11.284920286675442,339.28391465362967
2017-08-06,14.371412690268514,229.7076054169043
2017-08-07,11.458545708127298,417.3124650037125
2017-08-08,11.003756813928891,91.89457411712861
2017-08-09,11.254043742604155,332.9082224370895
2017-08-10,10.8066424322538,169.59610851783333
2017-08-11,11.357056460512956,716.9021625985921
2017-08-12,10.981055790960452,152.24624819636406
2017-08-13,13.68421675343114,178.94555635284925
2017-08-14,11.060206654267411,133.33064712715222
2017-08-15,10.821996319496053,83.92386508179224
2017-08-16,11.118623000432338,229.52541222346215
2017-08-17,11.705918041511444,403.9315168501403
2017-08-18,11.07672569854388,166.77076208307878
2017-08-19,11.388030687211495,579.3855251950533
2017-08-20,14.58016170611671,480.19530899869386
2017-08-21,11.374626316177013,408.321787772885
2017-08-22,10.91554366422773,95.655133531942
2017-08-23,10.902870612886327,107.695491083483
2017-08-24,11.0052104447359,122.44199414012901
2017-08-25,11.269444057405602,366.4892863052166
2017-08-26,11.027047982205275,148.0657550456881
2017-08-27,13.339573369771502,305.11062873214485
2017-08-28,11.256070167083383,285.5733500992817
2017-08-29,11.53844841220294,610.5380843333116
2017-08-30,10.92657351962741,312.4723555941963
2017-08-31,11.152761614482312,379.72739002919593
2017-09-01,11.186155780966518,228.7145690943997
2017-09-02,11.39776563099348,430.2600057170434
2017-09-03,13.626664469347396,299.916079997553
2017-09-04,10.948503823562008,235.1153196903201
2017-09-05,10.970790398126464,293.74450612852513
2017-09-06,11.153074906367042,264.01357696433473
2017-09-07,10.928402230272036,185.34580356892377
2017-09-08,11.146898413397972,132.75213451745375
2017-09-09,11.583619431307293,521.6486412013232
2017-09-10,14.333514532948747,549.0756751779908
2017-09-11,10.972608832147342,161.98155475034983
2017-09-12,11.114671290711701,256.2690613141443
2017-09-13,11.030492915585713,156.04055685599124
2017-09-14,11.43407838334354,1434.8465481048659
2017-09-15,13.100185378287568,2306.411869155796
2017-09-16,10.770374399419817,120.74319913133755
2017-09-17,13.773166069295101,241.8146871400636
2017-09-18,11.027323985458862,136.03012996298682
2017-09-19,11.06311458441155,166.73547176718884
2017-09-20,11.392691228070175,272.3497779035038
2017-09-21,10.909129398370512,198.89124800964436
2017-09-22,11.13287522810219,230.40663835265497
2017-09-23,11.14279362158847,183.87616529161272
2017-09-24,14.244951639537627,710.0854556049968
2017-09-25,11.481461828141049,395.3861381694417
2017-09-26,11.434405496912966,258.9100743187089
2017-09-27,15.800725691918666,3606.3716985021656
2017-09-28,10.860553380008701,206.32742659064047
2017-09-29,11.505815347721823,333.46056970050614
2017-09-30,11.462763191273465,731.9564649904502
2017-10-01,13.821728607761097,272.4765187656516
2017-10-02,10.897467608951708,105.26826268255074
2017-10-03,11.251310221354167,154.7428039770679
2017-10-04,11.498574692093761,287.507126512606
2017-10-05,11.032102143182856,158.9506685384219
2017-10-06,11.130047097985056,93.11315035312032
2017-10-07,12.240079805507108,360.20872377168877
2017-10-08,14.124093946142942,461.2622164930403
2017-10-09,11.19458942594097,192.72052957876866
2017-10-10,11.007667737145619,157.58378228619236
2017-10-11,11.21135661208654,104.20646703800818
2017-10-12,10.610898046148964,165.9289417139576
2017-10-13,10.928421891788846,64.89186809190916
2017-10-14,11.159518941330154,84.7820907914168
2017-10-15,13.63839529510607,222.63570546359747
2017-10-16,11.048008154535124,192.44256324139658
2017-10-17,11.048019657454262,141.01296290673434
2017-10-18,11.013468992248063,85.01096458306434
2017-10-19,10.944663836509033,165.3015936208012
2017-10-20,10.864390869098342,64.51490786669785
2017-10-21,11.584170177902623,353.880090217527
2017-10-22,13.417988174111278,155.57104814398667
2017-10-23,11.160039748476851,169.81208071309396
2017-10-24,11.007312892166375,178.77069561340457
2017-10-25,11.037350131435533,84.81202403562527
2017-10-26,10.90169497071431,92.66865039816692
2017-10-27,11.140517965959235,284.15079968848653
2017-10-28,11.351153165496374,234.39784591599454
2017-10-29,14.053030303030303,362.2686778826516
2017-10-30,11.254245128808684,602.9426522130689
2017-10-31,11.032904775360272,210.76870248210872
2017-11-01,10.983701051545061,190.42744376081023
2017-11-02,11.186190537523613,614.5923246605566
2017-11-03,10.895303126543864,146.75780094745508
2017-11-04,10.783602061170212,83.22069324078716
2017-11-05,14.21820564516129,1160.524741531047
2017-11-06,11.623960725578298,340.44283705058456
2017-11-07,11.20825181245449,185.6144337322187
2017-11-08,11.015702611249441,147.08683318601496
2017-11-09,11.891610044313147,714.5953320156477
2017-11-10,11.121734526903456,83.38173074802614
2017-11-11,11.67338592368804,292.74298330725213
2017-11-12,13.663702574525747,227.57659514044985
2017-11-13,44.3318441251722,11061597.363491949
2017-11-14,10.876340469874952,77.1123079297979
2017-11-15,11.056224707644267,194.11218509146087
2017-11-16,11.366656882888172,194.41617155893937
2017-11-17,11.050606309731785,133.54282662789714
2017-11-18,10.88389207878002,123.0215613258009
2017-11-19,14.865360425737785,1773.7244918008607
2017-11-20,11.367827171694262,220.59275141305534
2017-11-21,11.033069173721861,139.61508096354441
2017-11-22,11.23341617126336,181.97295594397147
2017-11-23,11.324548228920207,289.14087606045683
2017-11-24,11.161302863978609,190.1910790241836
2017-11-25,11.106442786069653,242.40464191186777
2017-11-26,12.626446399199027,164.51112530674132
2017-11-27,10.894358594411514,145.97931181936343
2017-11-28,11.184890776699028,175.43073243359245
2017-11-29,10.918723911747167,118.02598975952525
2017-11-30,11.219586987935612,259.5519457179118
2017-12-01,10.842573553538225,79.93370459537861
2017-12-02,10.701863120074178,193.64087623026114
2017-12-03,12.858037422921539,199.70137259957284
2017-12-04,10.997348443373847,163.22946999067037
2017-12-05,10.675632101545705,80.9358782702696
2017-12-06,10.919461751471097,239.73361535628143
2017-12-07,10.897955791335102,126.18927655789273
2017-12-08,10.651204747063055,67.34856982949881
2017-12-09,10.680516066212268,112.5596950221144
2017-12-10,12.40327311827957,172.57395912561068
2017-12-11,11.004092224979322,317.3156447963358
2017-12-12,11.444018231687641,339.39938687470584
2017-12-13,10.942260545149992,110.3658932636145
2017-12-14,11.057699862502455,239.0449185719629
2017-12-15,11.06297026763371,456.57183954181716
2017-12-16,10.789348320620903,258.7610658803642
2017-12-17,12.36614993869329,218.9586103330092
2017-12-18,11.06683280085197,106.72834530584292
2017-12-19,10.669862163169004,51.97516959103362
2017-12-20,10.767957281873661,84.03408393213809
2017-12-21,11.351969385423807,188.58232489958942
2017-12-22,10.688542260208926,203.5000296930897
2017-12-23,10.633224982586487,152.57676380618545
2017-12-24,14.078777511688905,1281.8617378311944
2017-12-25,11.279240576496674,68.54890987467236
2017-12-26,10.585555339931432,131.9147219746854
2017-12-27,10.568620480097234,87.08030470570327
2017-12-28,10.32383129152191,50.98019915660895
2017-12-29,10.368681106169019,54.7023465215192
2017-12-30,10.691510314571081,112.98912468376378
2017-12-31,13.723859711801834,383.96952849734777
2018-01-01,11.176692865779927,250.35299866167813
2018-01-02,10.916759836021933,355.71875935411526
2018-01-03,10.992857464129896,244.66280742683895
2018-01-04,10.999181248649817,187.23648238345834
2018-01-05,10.46166864217042,70.78538798771686
2018-01-06,10.888935951739185,233.96051057351193
2018-01-07,15.718248120860313,11257.988109068558
2018-01-08,10.872822417285617,121.90271718281696
2018-01-09,10.740069705093832,133.17639799432996
2018-01-10,10.797941218484395,162.09369407757117
2018-01-11,11.271369601269017,370.74342457792784
2018-01-12,10.90260682369116,130.79065842904208
2018-01-13,10.555850844664194,57.81247017697166
2018-01-14,13.423565645899332,307.28287357884096
2018-01-15,10.916021380595701,189.21424318277414
2018-01-16,10.891486939266777,112.54522525208797
2018-01-17,10.82565860346685,145.33777235839656
2018-01-18,10.852461594490796,77.13621986514082
2018-01-19,11.07008665570626,292.3290898850447
2018-01-20,10.559235580648732,176.09650961689854
2018-01-21,13.80960808245186,169.25027230935237
2018-01-22,10.804381170078845,91.3879990311413
2018-01-23,10.727453377673449,129.21963531198693
2018-01-24,10.670963205611807,72.43874454022593
2018-01-25,10.662642311572272,164.40124835079214
2018-01-26,10.840625966793855,131.03819004518962
2018-01-27,10.672734684369903,79.18999219790832
2018-01-28,14.215139414319742,330.3353083203162
2018-01-29,10.797528569461655,152.0706644250963
2018-01-30,10.780742868662433,200.82554755628905
2018-01-31,10.687215139042266,168.80403903538195
2018-02-01,10.787341222088514,142.8689598542702
2018-02-02,11.082872075659532,194.88903552995154
2018-02-03,11.010930374819264,321.3062624433038
2018-02-04,14.201501599767306,228.22099399897957
2018-02-05,11.73191823899371,99.56679480621389
2018-02-06,10.793975903614458,149.0988118086645
2018-02-07,10.682976867310412,77.62309666894937
2018-02-08,10.678725653867557,167.01051459605534
2018-02-09,10.893472206540967,315.14251456341776
2018-02-10,11.229802878598248,320.25680788895244
2018-02-11,13.548826876358522,261.84032382546945
2018-02-12,10.934088121520897,119.63590468490156
2018-02-13,11.14272081668886,169.55739043721158
2018-02-14,11.273407181511047,138.77001369007704
2018-02-15,10.992605612910882,147.37445936158875
2018-02-16,11.24858175837135,242.18899798840374
2018-02-17,11.070470344623576,116.16138547236567
2018-02-18,14.0858491133153,407.31695259427187
2018-02-19,10.726105184170175,85.96075261366309
2018-02-20,10.948083878874838,120.32027864005889
2018-02-21,11.522861215347472,4720.3862641833175
2018-02-22,10.750703222619359,69.63766249100091
2018-02-23,10.971416251437333,211.85309147857362
2018-02-24,10.8845952023988,277.89028634833534
2018-02-25,13.7004964668616,145.57938596156308
2018-02-26,10.927108506707853,158.7329705914018
2018-02-27,10.826327580724424,95.6374258356708
2018-02-28,10.89329166312328,108.07243139343613
2018-03-01,11.216646263500097,127.14091919191472
2018-03-02,10.938934932110739,60.999909884547314
2018-03-03,11.071508459994265,86.11703313700467
2018-03-04,14.285749053542457,274.683891166088
2018-03-05,10.883405071445303,118.15502134735772
2018-03-06,10.871258361204013,84.74798624982557
2018-03-07,11.144999161636484,250.72222355253598
2018-03-08,10.969075349258976,130.59380302656302
2018-03-09,11.312580244670542,453.8080853407618
2018-03-10,11.244124111485222,273.61944495243216
2018-03-11,14.209118787247585,369.91925518204863
2018-03-12,11.024948351747058,214.0104463893648
2018-03-13,10.774404963817277,76.14063449922668
2018-03-14,11.069049254457514,100.38115831328513
2018-03-15,10.992526030523463,142.85397818916647
2018-03-16,14.34941306266549,2722.4160119297703
2018-03-17,11.7010795692179,608.1702253702939
2018-03-18,13.263441896319137,229.3758351398438
2018-03-19,12.154072469228836,843.3552587819229
2018-03-20,10.799129881767987,105.8143919863961
2018-03-21,10.72108663130695,439.16043496243543
2018-03-22,10.680483620619231,187.4907241542547
2018-03-23,10.947678870543193,949.4142494504844
2018-03-24,10.304805627883606,94.37990517397434
2018-03-25,13.49032482038278,122.29132731798296
2018-03-26,10.58039567002613,248.40540214056227
2018-03-27,10.619049181523204,160.18425910216564
2018-03-28,10.653132661913922,153.93252133943554
2018-03-29,11.2277595311695,1230.3221452552264
2018-03-30,11.301532271871254,763.5592558642853
2018-03-31,12.01439108205515,3414.9660484337624
2018-04-01,14.254667258864462,869.8870125546165
2018-04-02,10.721615814353244,163.50395124438447
2018-04-03,10.890393706470354,288.4635085945572
2018-04-04,10.834945892068916,102.42721440010006
2018-04-05,11.000788598910814,170.60124069841154
2018-04-06,10.23505734650313,121.77720540903569
2018-04-07,10.96134590559578,397.78605042430206
2018-04-08,37.48484224965706,3081282.229229938
2018-04-09,11.073737818480685,264.5859395242294
2018-04-10,10.987368332350215,180.66656660127938
2018-04-11,11.073921603196991,181.80930198035514
2018-04-12,10.881470728366386,84.26214859467856
2018-04-13,11.074237015884346,127.5404610544729
2018-04-14,11.991975862756833,715.5390420428123
2018-04-15,14.31029376498801,1061.6819455473924
2018-04-16,11.18358735051517,573.6540267380034
2018-04-17,11.389427239427238,380.10381137045266
2018-04-18,11.17467077494513,458.0576273363714
2018-04-19,10.887444843809357,62.54650665859499
2018-04-20,11.027092268286872,173.85365506065787
2018-04-21,10.774401747592096,86.51554032181652
2018-04-22,13.250946194459274,216.73776249405879
2018-04-23,11.075946270706378,210.23116068651643
2018-04-24,11.114988059535712,106.9950839427606
2018-04-25,10.85678075105556,84.86142074015311
2018-04-26,11.052203751065644,132.91052708668255
2018-04-27,11.14782099343955,218.07419493176405
2018-04-28,11.364770202020203,465.34197544852356
2018-04-29,13.54828105958566,820.4978016593323
2018-04-30,10.883904016027683,264.9930037726523
2018-05-01,10.192193657346593,52.750533393921266
2018-05-02,10.884216228879323,62.36849677504509
2018-05-03,10.861040641988092,83.91963543367386
2018-05-04,11.148030289371677,193.30431652598827
2018-05-05,10.871736007514228,60.55985470387433
2018-05-06,13.59931567721294,224.99664046989045
2018-05-07,11.010914400438036,441.6246514327672
2018-05-08,10.90898944066325,56.1925530066951
2018-05-09,11.15419910936262,462.6400616010083
2018-05-10,10.577941127110396,67.9084532698469
2018-05-11,11.536593757320217,1353.1922744771043
2018-05-12,11.210234133411868,92.49657893224543
2018-05-13,26.7579741123382,929323.2640717434
2018-05-14,10.97294812671429,64.22483669772683
2018-05-15,10.892745079836613,55.45840595376362
2018-05-16,10.747524642510065,76.14787015870301
2018-05-17,11.258630444671898,166.41462607396252
2018-05-18,10.904067121729238,57.839413155528966
2018-05-19,10.916205035063822,81.22081869728213
2018-05-20,13.616116759383592,1085.861018500306
2018-05-21,11.211010639901136,283.71615525652174
2018-05-22,11.218328232036146,425.6264964712684
2018-05-23,10.959448965024983,158.51272710577197
2018-05-24,11.364665830496326,208.70754002361227
2018-05-25,11.015391843638414,57.695777541209615
2018-05-26,11.404627701764822,1991.8269511215597
2018-05-27,12.894823879086827,104.73645586134323
2018-05-28,10.72777725871251,181.13571436687695
2018-05-29,10.757843758486466,60.330424995925405
2018-05-30,10.756193246529381,64.10212357628765
2018-05-31,10.677632972097658,73.98318241143866
2018-06-01,10.734701276102088,131.24725034959206
2018-06-02,10.754620437595694,73.04137202420789
2018-06-03,12.645632980168433,187.068107411224
2018-06-04,10.877824302134647,147.80066054761923
2018-06-05,10.982599873748761,149.3273900844833
2018-06-06,10.921489226869454,109.18624439394341
2018-06-07,14.650182262113553,4856.274649161982
2018-06-08,11.18777540176257,319.69083544470635
2018-06-09,11.682132184918263,856.8613583397691
2018-06-10,13.709099378881987,454.6321256584226
2018-06-11,10.81033521333206,102.8653982453862
2018-06-12,11.03367914741111,253.8990408894358
2018-06-13,11.045967883314049,396.0792706819041
2018-06-14,11.004290566620348,946.6815436968836
2018-06-15,10.860234030308844,209.01642906752787
2018-06-16,11.303072541966428,392.8453947120377
2018-06-17,14.43917476442874,10516.70779586549
2018-06-18,10.888676721776402,64.65245753237693
2018-06-19,10.778627129078597,75.35256270770076
2018-06-20,10.902443801884154,62.761937279762535
2018-06-21,10.75454476190476,97.76432174381458
2018-06-22,11.103170887422857,423.269847936906
2018-06-23,10.857957072666151,335.9765839008403
2018-06-24,12.61669475204622,183.1328876707742
2018-06-25,10.7659869439397,121.88540915148121
2018-06-26,11.05813990210011,94.6366557000052
2018-06-27,10.849384787472035,83.699210135942
2018-06-28,10.766540286203142,158.9534871630143
2018-06-29,14.006565542223228,88834.16781863192
2018-06-30,10.73396898042207,73.9045809372264
2018-07-01,12.369357413689881,162.40781893940684
2018-07-02,10.59905842149271,67.0163475838586
2018-07-03,11.003251337575586,347.2658679316853
2018-07-04,10.940390302557603,95.26040832723817
2018-07-05,11.101739358734534,111.0131765397791
2018-07-06,10.761930151499465,54.6727423694794
2018-07-07,11.094593937429082,1335.364385445855
2018-07-08,13.673735987188287,218.51807154899475
2018-07-09,11.086055150735818,214.21866999836348
2018-07-10,10.981649347778024,85.04013155365821
2018-07-11,10.784702176997888,68.17846129095076
2018-07-12,10.842003339504156,125.49998287721219
2018-07-13,11.234426450742241,378.954365756195
2018-07-14,11.122595561035757,318.82214809819214
2018-07-15,13.03589036431733,306.6914432513856
2018-07-16,10.896599881735018,109.40254586626922
2018-07-17,10.701224449491459,45.210292463311596
2018-07-18,11.136485111132998,176.38044897872322
2018-07-19,11.102592080576676,159.7286581311141
2018-07-20,15.20979595336077,166097.16953673633
2018-07-21,11.231808349556566,334.0149371876308
2018-07-22,13.990436432637573,890.9764521407385
2018-07-23,20.338781420765027,4946.965588627959
2018-07-24,11.0688803127506,309.5301786414671
2018-07-25,10.9280795638126,129.4831173455818
2018-07-26,10.67091510201195,56.06156748652043
2018-07-27,10.902044144829837,128.91536790308228
2018-07-28,10.8314109994848,70.22401868717145
2018-07-29,13.661636937264896,278.52768895981353
2018-07-30,10.786825464492523,51.42411088811343
2018-07-31,11.13499946138102,200.96926157048264
2018-08-01,10.945925963182779,218.6307061816853
2018-08-02,13.445432111548286,47699.90603941661
2018-08-03,11.016440062272963,108.30028052322984
2018-08-04,10.807832196734863,323.5586114627694
2018-08-05,13.742374936191936,251.68252401588333
2018-08-06,10.828243944636677,272.69265694555116
2018-08-07,10.670213443238172,44.66063387309509
2018-08-08,10.898181696860508,54.46557098996148
2018-08-09,10.813820928392003,48.09281269612887
2018-08-10,10.878275928052048,70.71193104823455
2018-08-11,11.257411413267407,308.46985165426725
2018-08-12,13.389244254915898,132.71227968860643
2018-08-13,11.012000429079318,144.92616930979239
2018-08-14,11.522786606959931,880.7228414018806
2018-08-15,11.147607163000565,130.05002325260958
2018-08-16,11.07757411286739,166.16671457182204
2018-08-17,11.081288552787663,144.94164071079092
2018-08-18,11.583209912395334,696.1152049497504
2018-08-19,13.671581871345028,911.1686168749126
2018-08-20,10.917536540371788,145.97963496740707
2018-08-21,10.994777646926874,152.37037552237456
2018-08-22,10.730325189263592,52.50304294489926
2018-08-23,10.851848974071196,154.18348002753524
2018-08-24,11.244005553521298,1638.1572989174124
2018-08-25,11.085262269722964,199.15994693503438
2018-08-26,13.028578901482126,110.20401432512523
2018-08-27,10.988785714285715,111.74632302044216
2018-08-28,10.800211239650675,97.50820537623456
2018-08-29,11.065630069564738,95.49331520981909
2018-08-30,11.029588627903992,298.8617129208364
2018-08-31,10.980904580593053,113.47623334292085
2018-09-01,11.043485665625886,77.46923797694926
2018-09-02,13.913914343897162,489.95994081399743
2018-09-03,10.934051408306221,129.61719674269585
2018-09-04,10.978061456245825,151.72064925779787
2018-09-05,11.262040928443895,683.3748756760349
2018-09-06,10.843479041378691,133.1990173924916
2018-09-07,10.861712797762562,68.61746409707649
2018-09-08,11.575559600863,1168.4385350880198
2018-09-09,13.039455782312926,109.61345000742045
2018-09-10,10.954188796472593,128.15833193219288
2018-09-11,11.625970722128,573.4584212329693
2018-09-12,11.2325,167.1774441010842
2018-09-13,10.601082251082252,46.324204655270634
2018-09-14,10.803131715869245,46.58721121185682
2018-09-15,11.038723110603463,153.04667041622113
2018-09-16,13.669115037967497,379.7054595304176
2018-09-17,10.818685633173265,69.77914343558722
2018-09-18,10.9793933799715,54.86591573666328
2018-09-19,11.005194932731023,176.73192858522162
2018-09-20,11.000648313572627,86.35377136106072
2018-09-21,11.0447506108955,116.45821990670122
2018-09-22,10.811389277389278,55.62511031532935
2018-09-23,13.209361592586236,207.67834337311902
2018-09-24,10.8095317345168,67.75742096920693
2018-09-25,10.876499484340226,99.61770632784628
2018-09-26,11.331574048643535,432.6530097075375
2018-09-27,10.702270077918891,46.13420454101044
2018-09-28,10.951856222202052,303.70989939746426
2018-09-29,10.991775932400932,118.65070861888137
2018-09-30,12.980224399685477,110.32847813273732
2018-10-01,10.957956800934035,132.90814006799775
2018-10-02,11.009465535810445,70.99343767377252
2018-10-03,10.859592374499208,116.21616333459886
2018-10-04,10.885981854236276,107.572874448136
2018-10-05,11.3344970076945,93.35393136788174
2018-10-06,11.402674462289847,1859.1747600013744
2018-10-07,13.839074791593283,643.444038429064
2018-10-08,11.956070221709387,14850.255383960217
2018-10-09,10.945866444161899,66.81568476317997
2018-10-10,10.887127263045794,83.55391833830399
2018-10-11,11.01710866931042,69.18587210900503
2018-10-12,10.785656062044952,53.41601396925721
2018-10-13,10.60772625351844,127.64945921525168
2018-10-14,12.983971617418351,134.44512938057525
2018-10-15,11.112460068296983,223.957561759952
2018-10-16,10.920780283487282,45.99488501305551
2018-10-17,11.02730294025649,145.88313284417086
2018-10-18,11.099074744549037,227.88489454132252
2018-10-19,11.09123112659698,132.6769893410927
2018-10-20,11.614482386286948,1334.9887746634176
2018-10-21,13.302176806083649,291.57066812829055
2018-10-22,10.821399136254245,71.2027170509065
2018-10-23,10.808383609854198,49.19135328248013
2018-10-24,10.868152376325803,75.48275723918157
2018-10-25,11.013222112914685,58.81844069071636
2018-10-26,11.010566580385388,77.72426178574611
2018-10-27,11.482630267432029,225.19534492915992
2018-10-28,13.714633804396591,188.63084612010874
2018-10-29,10.891482177382022,100.57103837032716
2018-10-30,11.135243560316246,95.8894230687717
2018-10-31,11.47090136182379,539.3195726729795
2018-11-01,20.82537983238713,1175807.7026728767
2018-11-02,11.131361686252564,278.7149171690587
2018-11-03,11.613820120537785,857.8018655146956
2018-11-04,12.072253812354614,93.59380057223979
2018-11-05,10.984490404773423,65.4765552335765
2018-11-06,10.877490140024882,104.95356935483944
2018-11-07,10.955658231083843,59.1290755950237
2018-11-08,11.207073885795745,113.99072083875028
2018-11-09,10.974458426470182,82.39611026006784
2018-11-10,11.725180610580285,468.3194062622912
2018-11-11,13.834149184149183,536.6082841937064
2018-11-12,10.979265634914068,292.97095309968614
2018-11-13,11.09326806864878,316.9324974520925
2018-11-14,10.93474580951592,51.843714910756724
2018-11-15,11.338487728953,626.997422354273
2018-11-16,10.803281847850553,48.673524933807585
2018-11-17,11.062797101449275,76.60543355950915
2018-11-18,14.033901169472049,1404.5371172118612
2018-11-19,12.18472601959444,708.9458571250206
2018-11-20,12.104659454804768,759.1187829192986
2018-11-21,11.279220829464562,272.8312008330009
2018-11-22,12.051551602538986,3012.7321404432587
2018-11-23,11.902404452486701,475.31166499765624
2018-11-24,12.95828867007354,2039.585717807019
2018-11-25,16.307676130389066,2494.999181045994
2018-11-26,11.669425046554935,1185.420266504202
2018-11-27,11.016294199068833,86.1195097021923
2018-11-28,11.650022154703128,1427.5995052754383
2018-11-29,11.452392479625596,329.46408309184096
2018-11-30,11.736558515306385,371.02640554773103
2018-12-01,11.095685065844775,718.881625004285
2018-12-02,16.84150977090668,4607.689391826171
2018-12-03,12.700241974927279,1405.5882439859954
2018-12-04,12.180177928093523,536.0352714356602
2018-12-05,11.820791022236108,1174.2381056176694
2018-12-06,11.49725547775017,661.1262119491269
2018-12-07,11.679307244276245,3202.2639092738073
2018-12-08,12.44812704570251,5105.427303010399
2018-12-09,13.697252100390646,3587.7664029684365
2018-12-10,11.172827312323854,161.00501437908972
2018-12-11,13.16121957568658,1632.0245136336605
2018-12-12,11.979486123692661,1513.116204221711
2018-12-13,13.964988028731044,103498.99453469893
2018-12-14,11.388153886326052,758.9911872262354
2018-12-15,10.900397028688525,64.51859725492628
2018-12-16,13.073864867793672,445.96323793162736
2018-12-17,11.468712587471545,1392.8298859675024
2018-12-18,11.015999301750995,83.14141136221417
2018-12-19,11.172093023255814,247.70361075890753
2018-12-20,11.333825681360892,712.58062586914
2018-12-21,11.246065385247247,264.51916347911947
2018-12-22,11.284711516000936,338.6545480645259
2018-12-23,12.407739287144574,107.38093876736265
2018-12-24,11.266385155587844,519.2163506624864
2018-12-25,11.083796680497926,384.49572772673577
2018-12-26,10.877148163246819,63.01879856762197
2018-12-27,11.046297238834459,159.16388995286883
2018-12-28,10.642850492996487,59.61404920394439
2018-12-29,10.77192053734062,124.1692925363548
2018-12-30,13.822222222222223,267.776563947427
2018-12-31,10.390393301368912,55.29871566865307
