Date,Mean distance
2014-12-01,1.0525877319960617
2014-12-02,1.152149587338122
2014-12-03,1.1895634720770316
2014-12-04,1.2357240370940799
2014-12-05,1.2382194432901523
2014-12-06,1.1879742862200124
2014-12-07,1.2686597796274197
2014-12-08,1.2846874185441013
2014-12-09,1.2899709140923827
2014-12-10,1.3458021497393406
2014-12-11,1.26623224469618
2014-12-12,1.2945260038372413
2014-12-13,1.322243705008406
2014-12-14,1.3398445763045204
2014-12-15,1.4392671259408587
2014-12-16,1.4147196466977914
2014-12-17,1.3608000065675132
2014-12-18,1.3400573864285286
2014-12-19,1.468864749090556
2014-12-20,1.3835819128082212
2014-12-21,1.5473600887993038
2014-12-22,1.5320693672786851
2014-12-23,1.5625071045630228
2014-12-24,1.6489697124654903
2014-12-25,1.3758354602300538
2014-12-26,1.2354790401726814
2014-12-27,1.467988999715358
2014-12-28,1.497803368008416
2014-12-29,1.428001859038188
2014-12-30,1.4459171218609244
2014-12-31,1.440819702109394
2015-01-01,1.1198496649017577
2015-01-02,1.1590288371210815
2015-01-03,1.1796799331372338
2015-01-04,1.1543048734146963
2015-01-05,1.2266683498088529
2015-01-06,1.2398291810827058
2015-01-07,1.2994059566484502
2015-01-08,1.2330657758015664
2015-01-09,1.3392566751342927
2015-01-10,1.253699557665686
2015-01-11,1.1477038589208508
2015-01-12,1.4028184484395976
2015-01-13,1.304320258383076
2015-01-14,1.3879227297628494
2015-01-15,1.511483970439783
2015-01-16,1.3767263625770134
2015-01-17,1.3614501879549026
2015-01-18,1.4042231608018914
2015-01-19,1.4046313273446698
2015-01-20,1.5011039729830664
2015-01-21,1.5644987152188343
2015-01-22,1.4779065189146054
2015-01-23,1.4027700630900894
2015-01-24,1.4624771946318469
2015-01-25,1.482569293775064
2015-01-26,1.5065182221988302
2015-01-27,1.4441191275261915
2015-01-28,1.5221014463703446
2015-01-29,1.4909028657125847
2015-01-30,1.5032293196847692
2015-01-31,1.473393344213477
2015-02-01,1.1599926806396448
2015-02-02,1.1225418970614953
2015-02-03,1.219608406268296
2015-02-04,1.3149765297445635
2015-02-05,1.2815799253502267
2015-02-06,1.3005292190235214
2015-02-07,1.2805400159008744
2015-02-08,1.4613356590259177
2015-02-09,1.3711545811058667
2015-02-10,1.440147081000066
2015-02-11,1.3763045879100093
2015-02-12,1.4257317439828214
2015-02-13,1.3176079880507365
2015-02-14,1.3473433421734078
2015-02-15,1.3757980196985848
2015-02-16,1.5226733134079657
2015-02-17,1.4832192763826184
2015-02-18,1.4663916120189509
2015-02-19,1.5418076882551635
2015-02-20,1.437876956996412
2015-02-21,1.5210820287441476
2015-02-22,1.5993918943884227
2015-02-23,1.4671399377931105
2015-02-24,1.3281173532907526
2015-02-25,1.4560293677874325
2015-02-26,1.4069315946188068
2015-02-27,1.4336071777028394
2015-02-28,1.5751109459210166
2015-03-01,1.087334719003568
2015-03-02,1.2770912378224657
2015-03-03,1.3288488713563478
2015-03-04,1.2869456176458896
2015-03-05,1.252490209000652
2015-03-06,1.3320605406543162
2015-03-07,1.328954026180168
2015-03-08,1.2301512021364325
2015-03-09,1.365365734362645
2015-03-10,1.356264194846993
2015-03-11,1.3259315914010303
2015-03-12,1.3870383308055436
2015-03-13,1.2767923194230328
2015-03-14,1.4374837875300917
2015-03-15,1.546854992222867
2015-03-16,1.2712042394409013
2015-03-17,1.4167707869699528
2015-03-18,1.3825152071905775
2015-03-19,1.457774336993683
2015-03-20,1.4390566834566256
2015-03-21,1.5043554306276539
2015-03-22,1.426176798750284
2015-03-23,1.5458233309735676
2015-03-24,1.5074708750853625
2015-03-25,1.40908847990352
2015-03-26,1.45814939886207
2015-03-27,1.6012751141692751
2015-03-28,1.620939465663481
2015-03-29,1.5321760218957896
2015-03-30,1.7398508406170403
2015-03-31,1.2671229413514011
2015-04-01,1.149472996379239
2015-04-02,1.1005187134585033
2015-04-03,1.2072510985654337
2015-04-04,1.2516876452951797
2015-04-05,1.3287835123926155
2015-04-06,1.227829515329063
2015-04-07,1.2443810113595044
2015-04-08,1.2133229458425463
2015-04-09,1.3668254938035187
2015-04-10,1.4225993200359335
2015-04-11,1.3758833396309198
2015-04-12,1.5520678356828652
2015-04-13,1.497484828440978
2015-04-14,1.4291914637390908
2015-04-15,1.4536861188443848
2015-04-16,1.5128996804828556
2015-04-17,1.378196554255697
2015-04-18,1.4166592428363587
2015-04-19,1.337775122653012
2015-04-20,1.6132425490006979
2015-04-21,1.4412521183540838
2015-04-22,1.440199369843713
2015-04-23,1.5331544938060608
2015-04-24,1.4157459921658906
2015-04-25,1.5808097960183443
2015-04-26,1.966381200275967
2015-04-27,1.4432337282928183
2015-04-28,1.5214227260321385
2015-04-29,1.5269932661085903
2015-04-30,1.5516357065515625
2015-05-01,1.1475930641982752
2015-05-02,1.1485697080370438
2015-05-03,1.1485919769739865
2015-05-04,1.2682757412072585
2015-05-05,1.230033579803382
2015-05-06,1.2902662725799703
2015-05-07,1.3195392389236866
2015-05-08,1.4267954851001101
2015-05-09,1.2658198455337935
2015-05-10,1.3151765821187698
2015-05-11,1.3895858955720313
2015-05-12,1.4166223006478218
2015-05-13,1.4662666268299451
2015-05-14,1.3620831284079873
2015-05-15,1.5454334772459604
2015-05-16,1.382728080256745
2015-05-17,1.6093334859295176
2015-05-18,1.347429705464481
2015-05-19,1.4952227202790946
2015-05-20,1.4928594068795273
2015-05-21,1.6897327086826248
2015-05-22,1.344005658251489
2015-05-23,1.3777480447396127
2015-05-24,1.5417036879224024
2015-05-25,1.637837187346792
2015-05-26,1.4824330660272353
2015-05-27,1.6442029939735776
2015-05-28,1.390845137003854
2015-05-29,2.0049709686966213
2015-05-30,1.8568171674071827
2015-05-31,1.906640710797071
2015-06-01,1.2180723916165344
2015-06-02,1.2567901584212597
2015-06-03,1.2511234278009884
2015-06-04,1.2360694394622307
2015-06-05,1.2911191168241316
2015-06-06,1.3665105469174452
2015-06-07,1.3915125137394442
2015-06-08,1.398541390500463
2015-06-09,1.319005836320029
2015-06-10,1.4675745840739616
2015-06-11,1.6210048003130881
2015-06-12,1.4164999583564013
2015-06-13,1.5238635097932742
2015-06-14,1.5677290945028293
2015-06-15,1.4345309172281082
2015-06-16,1.5244808002981833
2015-06-17,1.5208148524999936
2015-06-18,1.5736949695341396
2015-06-19,1.6098958798880498
2015-06-20,1.5480637895616571
2015-06-21,1.5803163622229999
2015-06-22,1.6710941081749136
2015-06-23,1.5303759287587062
2015-06-24,1.854519307410959
2015-06-25,1.4955145926161455
2015-06-26,1.5338638762745032
2015-06-27,1.2826935841594578
2015-06-28,1.3464718912180063
2015-06-29,1.5175398816535475
2015-06-30,1.4016529050466366
2015-07-01,1.2325099790583482
2015-07-02,1.160630829986848
2015-07-03,1.2349116417791608
2015-07-04,1.2487656004164045
2015-07-05,1.3712220376087514
2015-07-06,1.396467727071365
2015-07-07,1.3380415691093541
2015-07-08,1.344597049663588
2015-07-09,1.4266561623141416
2015-07-10,1.412967077938224
2015-07-11,1.3405954777896936
2015-07-12,1.7035902926992499
2015-07-13,1.5180023571136063
2015-07-14,1.422120814182263
2015-07-15,1.5240355491196689
2015-07-16,1.4050201231654813
2015-07-17,1.4245774316846445
2015-07-18,1.4512066272523914
2015-07-19,1.473186127315462
2015-07-20,1.6773448586664175
2015-07-21,1.4743689811704395
2015-07-22,1.5425991259322016
2015-07-23,1.4358830274213157
2015-07-24,1.4805506220273579
2015-07-25,1.4018258243063848
2015-07-26,1.802626787546382
2015-07-27,1.4100743251622745
2015-07-28,1.5275510626019155
2015-07-29,1.6428313817222193
2015-07-30,1.5501215750721316
2015-07-31,1.961594989453808
2015-08-01,1.1622649423730778
2015-08-02,1.1533373890425933
2015-08-03,1.289746384950204
2015-08-04,1.221112430314592
2015-08-05,1.2750357715866445
2015-08-06,1.2838242200240273
2015-08-07,1.3280575782135509
2015-08-08,1.2580328779174308
2015-08-09,1.353946813761888
2015-08-10,1.372562658390308
2015-08-11,1.379722734849636
2015-08-12,1.5157655626574404
2015-08-13,1.4299255975913745
2015-08-14,1.3718738475188221
2015-08-15,1.4014347677903243
2015-08-16,1.5111195544981217
2015-08-17,1.5032630970993195
2015-08-18,1.5560193700520617
2015-08-19,1.519983450477072
2015-08-20,1.651213761446703
2015-08-21,1.4365264403767735
2015-08-22,1.6759483248668163
2015-08-23,1.5362027165522072
2015-08-24,1.5660457712513571
2015-08-25,1.597298544088252
2015-08-26,1.7994416054803735
2015-08-27,1.4872888022325743
2015-08-28,1.5062259361244377
2015-08-29,1.6506181739066792
2015-08-30,1.6023949560664534
2015-08-31,1.560014185580895
2015-09-01,1.2022832889185966
2015-09-02,1.2702687449166714
2015-09-03,1.222189246487613
2015-09-04,1.2995042946854294
2015-09-05,1.288732691342233
2015-09-06,1.3606372690114454
2015-09-07,1.370848373882992
2015-09-08,1.4102054687792573
2015-09-09,1.493882865574065
2015-09-10,1.3593019508507158
2015-09-11,1.420226900073333
2015-09-12,1.423321632287834
2015-09-13,1.450728751248722
2015-09-14,1.507321704528466
2015-09-15,1.358988892252407
2015-09-16,1.3272685581059154
2015-09-17,1.33276227266856
2015-09-18,1.4618222255680264
2015-09-19,1.3594605324829765
2015-09-20,1.8654111300939884
2015-09-21,1.587938353955323
2015-09-22,1.8190572924968818
2015-09-23,1.5669623078048531
2015-09-24,1.4798470243374036
2015-09-25,1.4370202863971533
2015-09-26,1.6388250968926412
2015-09-27,1.8730621611158178
2015-09-28,1.5355264191813256
2015-09-29,1.5642913698930623
2015-09-30,1.7256968634530967
2015-10-01,1.215772519948888
2015-10-02,1.2104415615722393
2015-10-03,1.1566413239318802
2015-10-04,1.3820570293628511
2015-10-05,1.3453448096723917
2015-10-06,1.356287467238226
2015-10-07,1.4062403806050023
2015-10-08,1.3079280758002985
2015-10-09,1.4613360540582836
2015-10-10,1.4072668572832023
2015-10-11,1.4030810945820262
2015-10-12,1.5920801391336545
2015-10-13,1.4776604220632163
2015-10-14,1.533690311362973
2015-10-15,1.6278628044432817
2015-10-16,1.5601091702563816
2015-10-17,1.5182110247603755
2015-10-18,1.6272708701337641
2015-10-19,1.4240590181852264
2015-10-20,1.7113397642797468
2015-10-21,1.6715460345309834
2015-10-22,1.7806102535155222
2015-10-23,1.4189067766911014
2015-10-24,1.55575361267958
2015-10-25,1.4794555014412858
2015-10-26,1.8321731860005517
2015-10-27,1.905984884732945
2015-10-28,1.714307107545735
2015-10-29,1.502927616697119
2015-10-30,1.4546552834406208
2015-10-31,1.827743119326744
2015-11-01,1.2035478763852419
2015-11-02,1.206016275730427
2015-11-03,1.2892067487767451
2015-11-04,1.3121568079199435
2015-11-05,1.3144099619233536
2015-11-06,1.3001702954312124
2015-11-07,1.3678366078864315
2015-11-08,1.4102034952107236
2015-11-09,1.375223584080082
2015-11-10,1.350136493184706
2015-11-11,1.5447759129915417
2015-11-12,1.475127620551691
2015-11-13,1.4732762630406235
2015-11-14,1.376720929006008
2015-11-15,1.2213813920891716
2015-11-16,1.6911083473734492
2015-11-17,1.4161860257883865
2015-11-18,1.401339111698483
2015-11-19,1.6877954666641486
2015-11-20,1.6488027443380806
2015-11-21,1.7429812008886711
2015-11-22,1.5471090334528974
2015-11-23,1.877464371976718
2015-11-24,1.3162522427618188
2015-11-25,1.7015384008314478
2015-11-26,1.7591052525264579
2015-11-27,1.5843475556694162
2015-11-28,1.8245229046568745
2015-11-29,1.6446241757181193
2015-11-30,1.6850360285858437
2015-12-01,1.2146258067465183
2015-12-02,1.2605540260170012
2015-12-03,1.292391012423095
2015-12-04,1.256665671346955
2015-12-05,1.3480692433814565
2015-12-06,1.3837013219375305
2015-12-07,1.419345901408261
2015-12-08,1.4150126946677741
2015-12-09,1.487085912147281
2015-12-10,1.464397923851169
2015-12-11,1.4631186995761365
2015-12-12,1.252287538160488
2015-12-13,1.4281206702822367
2015-12-14,1.5067774873815412
2015-12-15,1.5030053560356715
2015-12-16,1.4900156212466782
2015-12-17,1.5615995538469765
2015-12-18,1.4025369615976029
2015-12-19,1.4091167726329943
2015-12-20,1.5904991286283194
2015-12-21,1.495232328645335
2015-12-22,1.5951240264035405
2015-12-23,1.459278310500572
2015-12-24,1.3689847871059069
2015-12-25,2.4675121101690314
2015-12-26,1.7103955873863184
2015-12-27,1.6827072117842976
2015-12-28,1.3253132971868722
2015-12-29,1.6065435617970214
2015-12-30,1.3868145251484236
2015-12-31,1.8476276566591916
2016-01-01,1.1912757463642794
2016-01-02,1.1954355589906307
2016-01-03,1.1803746864681073
2016-01-04,1.2580852971026577
2016-01-05,1.2535177315541104
2016-01-06,1.29416296004862
2016-01-07,1.3903327363558295
2016-01-08,1.3899348474359143
2016-01-09,1.3835382419390156
2016-01-10,1.3649712540231236
2016-01-11,1.4268038035340895
2016-01-12,1.4802519004146262
2016-01-13,1.412236671394259
2016-01-14,1.3876619251677178
2016-01-15,1.3997172426850688
2016-01-16,1.4484244213160002
2016-01-17,1.6421788770972885
2016-01-18,1.5248605643223645
2016-01-19,1.4222139306016937
2016-01-20,1.5893945253732347
2016-01-21,1.6834888090104043
2016-01-22,1.5142531053255495
2016-01-23,1.438268417274508
2016-01-24,1.7437902908660985
2016-01-25,1.4915789111684266
2016-01-26,1.3187309705976038
2016-01-27,1.769222322283888
2016-01-28,1.5547672063097708
2016-01-29,1.6860659951424217
2016-01-30,1.6609851895073056
2016-01-31,1.8761582992094101
2016-02-01,1.1583357513052914
2016-02-02,1.28170510259827
2016-02-03,1.2689799259357604
2016-02-04,1.2760848291176619
2016-02-05,1.3385709665816798
2016-02-06,1.2454552627179238
2016-02-07,1.4569188963554138
2016-02-08,1.3894455418205682
2016-02-09,1.365527243222129
2016-02-10,1.3837021045653064
2016-02-11,1.4410358324365353
2016-02-12,1.504169697861831
2016-02-13,1.545109725302497
2016-02-14,1.3941887585436485
2016-02-15,1.5299052336460814
2016-02-16,1.5039685737752955
2016-02-17,1.5745418239946218
2016-02-18,1.493482636507948
2016-02-19,1.4962305695555318
2016-02-20,1.7303953175286484
2016-02-21,1.7311259752188195
2016-02-22,1.4378957818842788
2016-02-23,1.491238297582338
2016-02-24,1.7756441488272334
2016-02-25,1.408267891064024
2016-02-26,1.6196168209868345
2016-02-27,1.3290122933850632
2016-02-28,1.4338736771596348
2016-02-29,1.508462981514357
2016-03-01,1.2295270824802076
2016-03-02,1.3108218194064745
2016-03-03,1.2762144449142707
2016-03-04,1.2545382465582304
2016-03-05,1.365610656086384
2016-03-06,1.4716170868038787
2016-03-07,1.4011909316529678
2016-03-08,1.4919292737608223
2016-03-09,1.4369736226577734
2016-03-10,1.3600977526737565
2016-03-11,1.378065343525707
2016-03-12,1.565530068881475
2016-03-13,1.577544772916682
2016-03-14,1.4662646748654147
2016-03-15,1.4440278001697584
2016-03-16,1.4583974298474955
2016-03-17,1.4860771595524938
2016-03-18,1.465503414987086
2016-03-19,1.6779840189129154
2016-03-20,1.6356502496509286
2016-03-21,1.7128679136869644
2016-03-22,1.5809930116961255
2016-03-23,1.3583097399548953
2016-03-24,1.2947305241482279
2016-03-25,1.548047815447098
2016-03-26,1.5255558134881446
2016-03-27,1.6644588508777327
2016-03-28,1.84860327275617
2016-03-29,1.7413904341170776
2016-03-30,1.4500972113710995
2016-03-31,1.471166910077544
2016-04-01,1.224620108876638
2016-04-02,1.17256167776369
2016-04-03,1.2803721052381405
2016-04-04,1.3714479605135315
2016-04-05,1.3223916552064097
2016-04-06,1.3957010855102978
2016-04-07,1.3776844802572272
2016-04-08,1.3806947191328673
2016-04-09,1.3993367121375908
2016-04-10,1.5510982900052137
2016-04-11,1.5080636658385524
2016-04-12,1.438330011758978
2016-04-13,1.49065342342669
2016-04-14,1.456730404715138
2016-04-15,1.4513191976573148
2016-04-16,1.435164581164124
2016-04-17,1.7152772433918233
2016-04-18,1.67396796424663
2016-04-19,1.484666777985741
2016-04-20,1.586347294470739
2016-04-21,1.486680418475514
2016-04-22,1.5753679242306646
2016-04-23,1.7420279901835805
2016-04-24,1.4904147405958155
2016-04-25,1.5763741561527906
2016-04-26,1.5586230466511575
2016-04-27,1.350137352866983
2016-04-28,1.8063492798250635
2016-04-29,1.680014307441018
2016-04-30,1.6647634338600075
2016-05-01,0.0
2016-05-02,0.0
2016-05-03,0.0
2016-05-04,0.0
2016-05-05,0.0
2016-05-06,0.0
2016-05-07,0.0
2016-05-08,0.0
2016-05-09,0.0
2016-05-10,0.0
2016-05-11,0.0
2016-05-12,0.0
2016-05-13,0.0
2016-05-14,0.0
2016-05-15,0.0
2016-05-16,0.0
2016-05-17,0.0
2016-05-18,0.0
2016-05-19,0.0
2016-05-20,0.0
2016-05-21,0.0
2016-05-22,0.0
2016-05-23,0.0
2016-05-24,0.0
2016-05-25,0.0
2016-05-26,0.0
2016-05-27,0.0
2016-05-28,0.0
2016-05-29,0.0
2016-05-30,0.0
2016-05-31,0.0
2016-06-01,1.2193255987299576
2016-06-02,1.297088832868181
2016-06-03,1.3128365990173134
2016-06-04,1.2692169909008393
2016-06-05,1.3909720342665013
2016-06-06,1.3639607231199196
2016-06-07,1.454852531579904
2016-06-08,1.4490271907934822
2016-06-09,1.4923213431291373
2016-06-10,1.5419162594502043
2016-06-11,1.5092779537181935
2016-06-12,1.4606178232701912
2016-06-13,1.6585121345213634
2016-06-14,1.4906402546602424
2016-06-15,1.5032136926328687
2016-06-16,1.740967406615615
2016-06-17,1.696534385579954
2016-06-18,1.3985473150879266
2016-06-19,1.6803564810267713
2016-06-20,1.7494317403512247
2016-06-21,1.6159080071254943
2016-06-22,1.5874041015342246
2016-06-23,1.9550193700405922
2016-06-24,1.710442953316529
2016-06-25,1.5892312322875146
2016-06-26,1.314022103333344
2016-06-27,1.662881925212796
2016-06-28,1.6812548597529768
2016-06-29,1.6340939846967981
2016-06-30,1.7315782000320614
2016-07-01,1.2121783022289163
2016-07-02,1.2759590169197963
2016-07-03,1.2985246692888923
2016-07-04,1.3001097247376079
2016-07-05,1.4119445660505285
2016-07-06,1.3700450654906295
2016-07-07,1.4139638267558938
2016-07-08,1.4895127875410599
2016-07-09,1.4037398009710838
2016-07-10,1.5046834517036463
2016-07-11,1.4453245022540055
2016-07-12,1.5687403660799273
2016-07-13,1.5734341665090528
2016-07-14,1.428186949731715
2016-07-15,1.397850530769506
2016-07-16,1.4647167494563171
2016-07-17,1.6537201607326923
2016-07-18,1.6685447400919766
2016-07-19,1.639977256734937
2016-07-20,1.5374201711898587
2016-07-21,1.5839899095085912
2016-07-22,1.7558101271553461
2016-07-23,1.5068063825867426
2016-07-24,1.7565795894173375
2016-07-25,1.701445956808743
2016-07-26,1.9954326265278999
2016-07-27,1.869326104700406
2016-07-28,1.4787847885494885
2016-07-29,1.6471235641722166
2016-07-30,1.3881759556394015
2016-07-31,1.5579356119998757
2016-08-01,1.232088322731285
2016-08-02,1.2868190415209158
2016-08-03,1.256061757774447
2016-08-04,1.4255452736841263
2016-08-05,1.3461372045049154
2016-08-06,1.386757249085306
2016-08-07,1.3963955799596652
2016-08-08,1.4339080046379575
2016-08-09,1.3953963217947287
2016-08-10,1.492177142856738
2016-08-11,1.4430722950280956
2016-08-12,1.3353882478232677
2016-08-13,1.431852089865421
2016-08-14,1.6354362498021249
2016-08-15,1.5338549548623575
2016-08-16,1.6898019617724551
2016-08-17,1.7253231254346
2016-08-18,1.8639466694073206
2016-08-19,1.9087232885522378
2016-08-20,1.7262755657790156
2016-08-21,1.8426341724635653
2016-08-22,1.938137323157581
2016-08-23,1.9650863865125376
2016-08-24,1.9977882027394767
2016-08-25,2.0172616069397753
2016-08-26,2.1008629419151137
2016-08-27,2.08725554221188
2016-08-28,2.249504013206295
2016-08-29,2.1937848805758695
2016-08-30,2.191547038876681
2016-08-31,2.12916486307149
2016-09-01,1.4766258518793927
2016-09-02,1.5683222282649159
2016-09-03,1.569609952976986
2016-09-04,1.7461398186113004
2016-09-05,1.763601232613131
2016-09-06,1.886686833036425
2016-09-07,1.919416297427437
2016-09-08,1.9136417738209972
2016-09-09,2.0092265624004755
2016-09-10,1.9297440512938477
2016-09-11,2.0999468911445764
2016-09-12,2.140178365103335
2016-09-13,2.204883655116555
2016-09-14,2.1774590652675014
2016-09-15,2.1950465626704396
2016-09-16,2.071309130136245
2016-09-17,2.0043798479147763
2016-09-18,2.520176638506231
2016-09-19,2.1029380245957334
2016-09-20,2.3390328364060347
2016-09-21,2.2684155694867183
2016-09-22,2.4448199888761333
2016-09-23,2.5986806724065024
2016-09-24,2.5185188969540873
2016-09-25,2.7005132127640428
2016-09-26,2.579341774082768
2016-09-27,2.4057503752666047
2016-09-28,2.460816703727819
2016-09-29,2.624415440086154
2016-09-30,2.5006637329376664
2016-10-01,1.4567885205377222
2016-10-02,1.6470543302697385
2016-10-03,1.7542565550588773
2016-10-04,1.8914399724816784
2016-10-05,1.9825606366169926
2016-10-06,1.9349473285913057
2016-10-07,1.9131972739738328
2016-10-08,1.851928622269242
2016-10-09,2.1343870629845005
2016-10-10,2.0013581565954897
2016-10-11,2.173459981427928
2016-10-12,2.097347642969452
2016-10-13,2.1286463123689243
2016-10-14,2.0119896553259187
2016-10-15,2.026415641414814
2016-10-16,2.5083255148527175
2016-10-17,2.2143199762024177
2016-10-18,2.3093082667667715
2016-10-19,2.259380745581813
2016-10-20,2.4244864208731047
2016-10-21,2.2953772295876296
2016-10-22,2.3734306533197116
2016-10-23,2.7266257194224632
2016-10-24,2.3991841847711557
2016-10-25,2.4349447840717597
2016-10-26,2.449146798720714
2016-10-27,2.4521043238686104
2016-10-28,2.432024827402336
2016-10-29,2.3514041481677355
2016-10-30,2.8684118701170895
2016-10-31,2.307199205736326
2016-11-01,1.5960006569959706
2016-11-02,1.6730958214327394
2016-11-03,1.7433417145992358
2016-11-04,1.7879422418317021
2016-11-05,1.8298028999123264
2016-11-06,2.097413876494995
2016-11-07,1.9578876155183438
2016-11-08,2.040941044848269
2016-11-09,2.148164182178003
2016-11-10,2.1307935825407345
2016-11-11,2.0990618987324683
2016-11-12,1.9241588632181457
2016-11-13,2.233315665710081
2016-11-14,2.137310909609366
2016-11-15,2.160111113960746
2016-11-16,2.3129182184980603
2016-11-17,2.303943155209381
2016-11-18,2.2773773719589414
2016-11-19,2.31196292197861
2016-11-20,2.440444296877325
2016-11-21,2.3387711593361398
2016-11-22,2.4607986086524885
2016-11-23,2.4737272190006703
2016-11-24,2.4569443674689073
2016-11-25,2.421853981825446
2016-11-26,2.534651861374702
2016-11-27,2.630053168515753
2016-11-28,2.545463814208308
2016-11-29,2.646340848471875
2016-11-30,2.711643501256584
2016-12-01,1.5969367117295536
2016-12-02,1.6809300763014237
2016-12-03,1.7364805500036231
2016-12-04,2.018189614280727
2016-12-05,1.954805935687753
2016-12-06,2.0036057466342316
2016-12-07,1.9674552268053707
2016-12-08,2.05155100376341
2016-12-09,1.9724134362338335
2016-12-10,2.106430534796815
2016-12-11,2.270595558583836
2016-12-12,2.1279660115639047
2016-12-13,2.124982930190285
2016-12-14,2.194559026130147
2016-12-15,2.113828524825527
2016-12-16,2.144233274241906
2016-12-17,2.2253685148526485
2016-12-18,2.584224947053488
2016-12-19,2.3631774700246218
2016-12-20,2.1185124222697405
2016-12-21,2.3027455918767648
2016-12-22,2.3825015684573065
2016-12-23,2.3503937460955058
2016-12-24,2.2860162106401125
2016-12-25,2.7685521775014745
2016-12-26,2.4717002944769857
2016-12-27,2.3775262867852334
2016-12-28,2.556726161268404
2016-12-29,2.4140574449692114
2016-12-30,2.2373221078244883
2016-12-31,2.485220908410624
2017-01-01,1.5548509239365544
2017-01-02,1.6237140208828624
2017-01-03,1.7241342016115235
2017-01-04,1.8500364086226726
2017-01-05,1.903179325573124
2017-01-06,1.8420345999675911
2017-01-07,1.9445339338180236
2017-01-08,2.1894739846524267
2017-01-09,2.050797441400836
2017-01-10,2.100501274288651
2017-01-11,2.0930673586489466
2017-01-12,2.1897525988263338
2017-01-13,2.1538078593929586
2017-01-14,2.1585591923164964
2017-01-15,2.5728069030821774
2017-01-16,2.3050100037671597
2017-01-17,2.296988770202962
2017-01-18,2.3990354340774567
2017-01-19,2.4974345729910614
2017-01-20,2.414774422832493
2017-01-21,2.390239077513208
2017-01-22,2.5837274635080627
2017-01-23,2.5773994996238017
2017-01-24,2.6322531084115646
2017-01-25,2.5628178398925363
2017-01-26,2.74579594539017
2017-01-27,2.727940523130438
2017-01-28,2.6010996986178383
2017-01-29,2.9206358824366916
2017-01-30,2.752371630638636
2017-01-31,2.586380153618865
2017-02-01,1.6578428965994187
2017-02-02,1.7767523084218775
2017-02-03,1.8571396774088114
2017-02-04,1.9377117812890743
2017-02-05,2.1098767833338856
2017-02-06,1.971673396000555
2017-02-07,2.104369851911523
2017-02-08,2.1585246561657425
2017-02-09,2.259967137532937
2017-02-10,2.182915560835085
2017-02-11,2.2080763250500577
2017-02-12,2.4642471178174614
2017-02-13,2.3921292472824205
2017-02-14,2.372703218357948
2017-02-15,2.425797754019089
2017-02-16,2.4209197572525065
2017-02-17,2.6028044835963673
2017-02-18,2.4096403281897487
2017-02-19,2.661355248527392
2017-02-20,2.542371132642853
2017-02-21,2.66628229931666
2017-02-22,2.725533935550192
2017-02-23,2.5604378137545787
2017-02-24,2.5171685667640404
2017-02-25,2.5303695448354993
2017-02-26,3.1189021448850793
2017-02-27,2.8421840345591987
2017-02-28,2.745247770161416
2017-03-01,1.6875889030662239
2017-03-02,1.7983705412898523
2017-03-03,1.8731230050707097
2017-03-04,1.843984184838212
2017-03-05,2.225160813589477
2017-03-06,2.1057879165816162
2017-03-07,2.1462621553028494
2017-03-08,2.224133112636597
2017-03-09,2.1593163568684197
2017-03-10,2.2876881917433116
2017-03-11,2.2570397672312965
2017-03-12,2.6084690944060793
2017-03-13,2.404524769986455
2017-03-14,2.479178775236962
2017-03-15,2.4017388112055253
2017-03-16,2.661845585639533
2017-03-17,2.4850240647242123
2017-03-18,2.6611040556996968
2017-03-19,2.7073378605396536
2017-03-20,2.791868653512747
2017-03-21,2.569668262659988
2017-03-22,2.7573811823934986
2017-03-23,2.6726434593633956
2017-03-24,2.783295545173756
2017-03-25,2.5488795033528624
2017-03-26,2.8126922915607824
2017-03-27,2.7052975760059863
2017-03-28,2.7840347074176583
2017-03-29,2.9352869556806382
2017-03-30,2.977894461759336
2017-03-31,2.708616395541823
2017-04-01,1.5214905325306056
2017-04-02,1.725654858919373
2017-04-03,1.8332432788501327
2017-04-04,1.97799796612372
2017-04-05,2.046347836750619
2017-04-06,2.1064614483074644
2017-04-07,2.176682170344528
2017-04-08,2.13367439584521
2017-04-09,2.387022658203021
2017-04-10,2.224009158191033
2017-04-11,2.2477887763175075
2017-04-12,2.3028315833705744
2017-04-13,2.1414956032494286
2017-04-14,2.3583348557107255
2017-04-15,2.233712105614761
2017-04-16,2.7445977596966853
2017-04-17,2.2752663253277894
2017-04-18,2.280020278385936
2017-04-19,2.478406029779921
2017-04-20,2.5895316384514544
2017-04-21,2.654388422231214
2017-04-22,2.450945372448541
2017-04-23,2.9591935996927163
2017-04-24,2.8043704936016702
2017-04-25,2.638850475720958
2017-04-26,2.7432026557395206
2017-04-27,2.6130657596908446
2017-04-28,2.5584805065827774
2017-04-29,2.572130628409015
2017-04-30,3.0080743917447363
2017-05-01,1.4807914051179905
2017-05-02,1.7345961551356293
2017-05-03,1.9037208436540243
2017-05-04,1.987099053019842
2017-05-05,1.974833632305046
2017-05-06,2.013949102777957
2017-05-07,2.2924037443852576
2017-05-08,2.186082480303099
2017-05-09,2.3430857907893086
2017-05-10,2.3304428652793807
2017-05-11,2.2438891884385246
2017-05-12,2.3553782404125405
2017-05-13,2.3569368814228304
2017-05-14,2.538490070414221
2017-05-15,2.356429734179499
2017-05-16,2.5477028066611958
2017-05-17,2.5635637981095365
2017-05-18,2.579879502475872
2017-05-19,2.4908214528521895
2017-05-20,2.4519365020778614
2017-05-21,2.7059248344736107
2017-05-22,2.7543253327143957
2017-05-23,2.5554680945706165
2017-05-24,2.700589333685655
2017-05-25,2.6278898505068837
2017-05-26,2.570948689155534
2017-05-27,2.6064514509985885
2017-05-28,3.1798824882423684
2017-05-29,2.744975837844678
2017-05-30,2.7347169724297204
2017-05-31,2.877012422555289
2017-06-01,1.6612000064094818
2017-06-02,1.7582739882285459
2017-06-03,1.7491316898280864
2017-06-04,2.068827928630903
2017-06-05,2.023248762572553
2017-06-06,2.0918256985528427
2017-06-07,2.106085334070742
2017-06-08,2.1761262563625268
2017-06-09,2.0905790237529405
2017-06-10,2.1957350637630912
2017-06-11,2.6482790252696287
2017-06-12,2.3959946123394342
2017-06-13,2.333772435551306
2017-06-14,2.447981032513294
2017-06-15,2.445649407533463
2017-06-16,2.4414237030238715
2017-06-17,2.3861425953590043
2017-06-18,2.737593000597366
2017-06-19,2.535107105539473
2017-06-20,2.52444403136342
2017-06-21,2.5278786492674055
2017-06-22,2.7430052594012277
2017-06-23,2.7087127457994837
2017-06-24,2.5741852978538917
2017-06-25,3.192483155244253
2017-06-26,2.7122966987485997
2017-06-27,2.8103150201236935
2017-06-28,2.8178535219766183
2017-06-29,2.6603446077616666
2017-06-30,2.6570456875199304
2017-07-01,1.4870069418483807
2017-07-02,1.773035839086956
2017-07-03,1.8184390248051707
2017-07-04,1.9883659107371576
2017-07-05,2.063398378080867
2017-07-06,2.0956725679000914
2017-07-07,2.127174156780366
2017-07-08,1.9739094295791366
2017-07-09,2.6576628275609533
2017-07-10,2.25976628258632
2017-07-11,2.2477636897542976
2017-07-12,2.344528103677092
2017-07-13,2.320977440438553
2017-07-14,2.360164671576607
2017-07-15,2.2965095116239223
2017-07-16,2.8351757779295395
2017-07-17,2.497088849915055
2017-07-18,2.5294835486046114
2017-07-19,2.588105406643758
2017-07-20,2.6589448419518438
2017-07-21,2.572141629885056
2017-07-22,2.4365668674292214
2017-07-23,2.9571529970556085
2017-07-24,2.569636782244498
2017-07-25,2.853527604881692
2017-07-26,2.7298987613685166
2017-07-27,2.6559944324604086
2017-07-28,2.717988754881926
2017-07-29,2.771243554904944
2017-07-30,3.059128477164308
2017-07-31,2.8680809539250327
2017-08-01,1.6595671243345136
2017-08-02,1.8172851550266154
2017-08-03,1.8190833779123425
2017-08-04,1.909575882250405
2017-08-05,1.9909672093853854
2017-08-06,2.367244847430217
2017-08-07,2.210537011809122
2017-08-08,2.288122364607079
2017-08-09,2.296662323179546
2017-08-10,2.3210482639696517
2017-08-11,2.168529892752114
2017-08-12,2.2166820021589655
2017-08-13,2.5164319374576354
2017-08-14,2.507009969071586
2017-08-15,2.5213894812167355
2017-08-16,2.551880504800875
2017-08-17,2.5172342374373655
2017-08-18,2.672432793495076
2017-08-19,2.5872109277992617
2017-08-20,3.0114811846700253
2017-08-21,2.6298759960750697
2017-08-22,2.6222485578946273
2017-08-23,2.694173527480728
2017-08-24,2.6701129296545156
2017-08-25,2.6483735651819473
2017-08-26,2.6880691074529266
2017-08-27,3.3504446636893177
2017-08-28,3.059662532758533
2017-08-29,2.67655327591744
2017-08-30,2.7791601288412906
2017-08-31,2.874797817535032
2017-09-01,1.6167717287702
2017-09-02,1.718546277087564
2017-09-03,1.931346608524674
2017-09-04,1.9686945691377864
2017-09-05,2.044704887582963
2017-09-06,2.0670021074151257
2017-09-07,2.1564463360940342
2017-09-08,2.2995804671597466
2017-09-09,2.2297031818450974
2017-09-10,2.5661660492373333
2017-09-11,2.442194314190498
2017-09-12,2.4606492490483713
2017-09-13,2.501913763829018
2017-09-14,2.4354614764457243
2017-09-15,2.467364507014856
2017-09-16,2.4795222737424956
2017-09-17,2.9316092701369785
2017-09-18,2.597097154049554
2017-09-19,2.750578800878934
2017-09-20,2.816496792055244
2017-09-21,2.670657002944816
2017-09-22,2.6418427726459806
2017-09-23,2.622718949290014
2017-09-24,3.061913221634079
2017-09-25,2.7767164997029075
2017-09-26,2.9207722181957574
2017-09-27,2.7083404067068884
2017-09-28,2.7297565696993127
2017-09-29,2.9639260578962268
2017-09-30,2.6928377106572716
2017-10-01,1.5500933860797854
2017-10-02,1.7577088368918887
2017-10-03,1.90767200081641
2017-10-04,2.0610206735939554
2017-10-05,2.140104100327637
2017-10-06,2.244476438828171
2017-10-07,2.1548290012305547
2017-10-08,2.366671811780568
2017-10-09,2.3962397173246095
2017-10-10,2.3766974383885424
2017-10-11,2.417447667297569
2017-10-12,2.42427541854345
2017-10-13,2.440513524267944
2017-10-14,2.3566220332043613
2017-10-15,2.887839602434084
2017-10-16,2.635693448808376
2017-10-17,2.7264681455200055
2017-10-18,2.735028080814644
2017-10-19,2.7203289198890346
2017-10-20,2.7224690473909594
2017-10-21,2.6362032509977604
2017-10-22,3.2247504164457483
2017-10-23,2.693456801641189
2017-10-24,2.9847068037001216
2017-10-25,2.775317070303542
2017-10-26,2.9503580902324735
2017-10-27,2.9136980737731566
2017-10-28,2.978974573710727
2017-10-29,3.502027317821773
2017-10-30,2.9537892852645284
2017-10-31,2.9992900629772845
2017-11-01,1.6876657994291764
2017-11-02,1.800620234162656
2017-11-03,1.9060067264647496
2017-11-04,1.8896635291162833
2017-11-05,2.3006178490128346
2017-11-06,2.1690269508483917
2017-11-07,2.2537334197277503
2017-11-08,2.2777663480494237
2017-11-09,2.35631997268335
2017-11-10,2.359619457903285
2017-11-11,2.4252191086087564
2017-11-12,2.7021509223326525
2017-11-13,2.5063029128723793
2017-11-14,2.585976240649833
2017-11-15,2.624265604979445
2017-11-16,2.5681350955211757
2017-11-17,2.593685557022884
2017-11-18,2.6771440461179914
2017-11-19,3.004437002208212
2017-11-20,2.8018031606265943
2017-11-21,2.6308708903449545
2017-11-22,2.731727968756404
2017-11-23,2.773120933609582
2017-11-24,2.871179512427041
2017-11-25,2.7289849370183585
2017-11-26,3.5694928282111826
2017-11-27,2.7629838704948524
2017-11-28,2.978418810682102
2017-11-29,3.006054556678368
2017-11-30,2.96355075177731
2017-12-01,1.6397008039160916
2017-12-02,1.7091749460986039
2017-12-03,2.0209231841516915
2017-12-04,2.0103176745897517
2017-12-05,2.067181210006779
2017-12-06,2.122770217054785
2017-12-07,2.193036135742242
2017-12-08,2.2542579898540964
2017-12-09,2.2512233688385552
2017-12-10,2.390372843011285
2017-12-11,2.234409001447435
2017-12-12,2.4133650182085282
2017-12-13,2.3869115658798825
2017-12-14,2.3676867302476174
2017-12-15,2.530600605582444
2017-12-16,2.3824343304036257
2017-12-17,2.779321850302078
2017-12-18,2.4656898746469973
2017-12-19,2.5384863116042635
2017-12-20,2.5084621499909745
2017-12-21,2.6053615399944077
2017-12-22,2.524128301684548
2017-12-23,2.6012636389182258
2017-12-24,3.090377299128314
2017-12-25,2.4880221007762255
2017-12-26,2.677179245653643
2017-12-27,2.564987143746156
2017-12-28,2.6166162357363287
2017-12-29,2.8928956632463065
2017-12-30,2.8102388490888615
2017-12-31,3.0733801403959005
2018-01-01,1.457471039824908
2018-01-02,1.6393631615202024
2018-01-03,1.7594912584767346
2018-01-04,1.8995243746992692
2018-01-05,1.8936141978947332
2018-01-06,1.9401263834474887
2018-01-07,2.284054727612421
2018-01-08,2.1925016319422843
2018-01-09,2.1921053065063636
2018-01-10,2.285347319716592
2018-01-11,2.361972970305699
2018-01-12,2.3723814835627137
2018-01-13,2.2552265029605034
2018-01-14,2.699811929017778
2018-01-15,2.3545955609981193
2018-01-16,2.6127838026408425
2018-01-17,2.501231245945982
2018-01-18,2.669178277886433
2018-01-19,2.6084378579890455
2018-01-20,2.4918975681255002
2018-01-21,3.1418019900955136
2018-01-22,2.7794545063036145
2018-01-23,2.6618916682000084
2018-01-24,2.6720081710629957
2018-01-25,2.8031237411058636
2018-01-26,2.7913538805563127
2018-01-27,2.548414958268159
2018-01-28,3.523104518436469
2018-01-29,2.9473256268871655
2018-01-30,2.838659113950654
2018-01-31,2.848964923828139
2018-02-01,1.6605601406616366
2018-02-02,1.8327066224824153
2018-02-03,1.8390984702203406
2018-02-04,2.106825367128272
2018-02-05,2.0337067439454573
2018-02-06,2.0909216047236363
2018-02-07,2.2315239246777874
2018-02-08,2.277590563684834
2018-02-09,2.3091722139064257
2018-02-10,2.316235409203193
2018-02-11,2.543119748359623
2018-02-12,2.4964457148199855
2018-02-13,2.550549779104311
2018-02-14,2.6328414303689387
2018-02-15,2.560096405977111
2018-02-16,2.5992994769166677
2018-02-17,2.685423516340431
2018-02-18,3.0735882103479444
2018-02-19,2.6064621258387795
2018-02-20,2.7902748498902232
2018-02-21,2.849313597541861
2018-02-22,2.933669822898548
2018-02-23,2.8543642660101374
2018-02-24,2.896131135622151
2018-02-25,3.456395053426614
2018-02-26,2.943955686329067
2018-02-27,2.9870712979036216
2018-02-28,3.0677534412620338
2018-03-01,1.7523276028430825
2018-03-02,1.9090044444285004
2018-03-03,1.9372433020754645
2018-03-04,2.27096096582052
2018-03-05,2.1805210923845646
2018-03-06,2.260912402437388
2018-03-07,2.338775912065981
2018-03-08,2.3787838814033546
2018-03-09,2.449483108101984
2018-03-10,2.369067344540075
2018-03-11,2.8803060797977933
2018-03-12,2.5095265955965296
2018-03-13,2.6510224322303544
2018-03-14,2.60433272339098
2018-03-15,2.7335427280118125
2018-03-16,2.741348467732778
2018-03-17,2.7850120395104794
2018-03-18,3.0883994248332436
2018-03-19,2.778794899195881
2018-03-20,2.75280197645742
2018-03-21,2.8593866725720822
2018-03-22,2.978199412922685
2018-03-23,2.94964055294008
2018-03-24,2.7947863143647558
2018-03-25,3.3626938510615973
2018-03-26,2.832420234985591
2018-03-27,2.9772603710172576
2018-03-28,3.0420552105398433
2018-03-29,2.849675705130367
2018-03-30,2.729279825250529
2018-03-31,3.134586211716881
2018-04-01,1.5836760951300974
2018-04-02,1.7672506438931905
2018-04-03,1.9123701162147242
2018-04-04,2.011999357377671
2018-04-05,2.0734525760402187
2018-04-06,2.1212796628526434
2018-04-07,2.1821253920926664
2018-04-08,2.410351758027104
2018-04-09,2.4393947199386146
2018-04-10,2.4329986743872443
2018-04-11,2.433509151365311
2018-04-12,2.5671516866911865
2018-04-13,2.5862569399645943
2018-04-14,2.6190082856813213
2018-04-15,2.9074037269856134
2018-04-16,2.784388912260625
2018-04-17,2.6920165559299
2018-04-18,2.7552229550958165
2018-04-19,2.8531426426458886
2018-04-20,2.801304257083311
2018-04-21,2.880475842956923
2018-04-22,3.306213441855459
2018-04-23,2.7473341321066744
2018-04-24,2.8883983902250416
2018-04-25,3.1122971370662778
2018-04-26,2.88815567342995
2018-04-27,3.026075187495425
2018-04-28,2.797138820525246
2018-04-29,3.3091335214306907
2018-04-30,3.1537580270991827
2018-05-01,1.5378864121735252
2018-05-02,1.865919069333571
2018-05-03,1.9835981717919717
2018-05-04,2.0033081305797125
2018-05-05,2.076614046795773
2018-05-06,2.378785250989368
2018-05-07,2.36235128189095
2018-05-08,2.3372570236354697
2018-05-09,2.441686987029035
2018-05-10,2.4460192213352605
2018-05-11,2.5306497917652893
2018-05-12,2.450929606257531
2018-05-13,2.87770791432095
2018-05-14,2.5873813098701754
2018-05-15,2.599150733820986
2018-05-16,2.688808483442413
2018-05-17,2.949179319126041
2018-05-18,2.698656965080107
2018-05-19,2.8089261857896104
2018-05-20,2.9040020840124625
2018-05-21,2.9076032816841217
2018-05-22,2.9086883978855576
2018-05-23,2.918545010146129
2018-05-24,2.9204743084255314
2018-05-25,2.9556393965150383
2018-05-26,3.143907105501578
2018-05-27,3.5349579125607073
2018-05-28,3.1198700220760855
2018-05-29,3.118383320556239
2018-05-30,2.6092857196111767
2018-05-31,2.6982319508603356
2018-06-01,1.6433148458256717
2018-06-02,1.7900874078617641
2018-06-03,2.0102564955291715
2018-06-04,2.0456268804297095
2018-06-05,2.169114040626396
2018-06-06,2.2252322498661443
2018-06-07,2.3433729188690107
2018-06-08,2.3713966491388256
2018-06-09,2.240510205697228
2018-06-10,2.6922635968134854
2018-06-11,2.4719241586635285
2018-06-12,2.47951383232057
2018-06-13,2.4885922284421427
2018-06-14,2.444373165829294
2018-06-15,2.547022705161524
2018-06-16,2.644891449114436
2018-06-17,3.0946680608231527
2018-06-18,2.750287795794771
2018-06-19,2.5539312724543217
2018-06-20,2.6878059012077715
2018-06-21,2.8517390916602734
2018-06-22,3.038091986745932
2018-06-23,2.7658867585845672
2018-06-24,3.0618918253624474
2018-06-25,2.900557293454922
2018-06-26,2.7957622786256406
2018-06-27,3.0552367345835827
2018-06-28,2.7623779503813752
2018-06-29,2.7926025252069984
2018-06-30,2.8898287526309265
2018-07-01,1.5506359810470265
2018-07-02,1.7430151054573524
2018-07-03,1.9307180245452449
2018-07-04,2.0073871896489024
2018-07-05,2.1529482433137885
2018-07-06,2.20033451363303
2018-07-07,2.153940169544023
2018-07-08,2.5248722168131654
2018-07-09,2.30471891797611
2018-07-10,2.3800287600250734
2018-07-11,2.3689164180471294
2018-07-12,2.4171950809146074
2018-07-13,2.3985251114657844
2018-07-14,2.31386330585424
2018-07-15,2.902865064529222
2018-07-16,2.5303585302005214
2018-07-17,2.6264369648366706
2018-07-18,2.654967472521723
2018-07-19,2.729021540607812
2018-07-20,2.829035127831532
2018-07-21,2.677310512289847
2018-07-22,2.9900956976737483
2018-07-23,2.753542780651285
2018-07-24,2.8963647228701404
2018-07-25,3.019246388837927
2018-07-26,2.8532869569427324
2018-07-27,2.948863941817359
2018-07-28,2.7408043452246074
2018-07-29,3.1998638494510407
2018-07-30,2.9931555478887844
2018-07-31,2.754757165586113
2018-08-01,1.6647845806818375
2018-08-02,1.8202552413410205
2018-08-03,1.9225734408362665
2018-08-04,1.9844474663995408
2018-08-05,2.242118827115359
2018-08-06,2.102231085053441
2018-08-07,2.1869778510598596
2018-08-08,2.300748872510576
2018-08-09,2.3182694990997237
2018-08-10,2.2996086225281407
2018-08-11,2.3430305380097893
2018-08-12,2.740918260323313
2018-08-13,2.624532199707753
2018-08-14,2.6902841899447396
2018-08-15,2.6835955209585594
2018-08-16,2.624995899637657
2018-08-17,2.6915511175807576
2018-08-18,2.6535158125546667
2018-08-19,2.973099863080048
2018-08-20,2.7374749829426333
2018-08-21,2.791050842301014
2018-08-22,2.7987966275435148
2018-08-23,2.9527207847603143
2018-08-24,2.864594855137886
2018-08-25,2.7515562603582593
2018-08-26,3.3505486030819327
2018-08-27,3.0000735672311705
2018-08-28,3.0892482798488925
2018-08-29,2.9528033404033525
2018-08-30,2.6912245971868547
2018-08-31,2.916593348610823
2018-09-01,1.5658491443531755
2018-09-02,1.7692801078008007
2018-09-03,1.9496772087421166
2018-09-04,2.0451457338658767
2018-09-05,2.1401811085711695
2018-09-06,2.247582244059076
2018-09-07,2.2815531358768313
2018-09-08,2.2969742549275476
2018-09-09,2.616790845223825
2018-09-10,2.539631712699776
2018-09-11,2.421913984952232
2018-09-12,2.5499875869067195
2018-09-13,2.5799826272911766
2018-09-14,2.632293902380638
2018-09-15,2.430874866987402
2018-09-16,2.9977298930231973
2018-09-17,2.731252620476803
2018-09-18,2.795017554635256
2018-09-19,2.531318311787455
2018-09-20,2.8037058681433193
2018-09-21,2.7903687739105147
2018-09-22,2.8243607407163713
2018-09-23,3.2728736434929346
2018-09-24,3.103419255383738
2018-09-25,2.911606521519424
2018-09-26,2.8363118660233173
2018-09-27,2.9785630532608325
2018-09-28,2.94522783924273
2018-09-29,2.8568357557974893
2018-09-30,3.673899157938781
2018-10-01,1.7080826672440212
2018-10-02,1.9542330789670823
2018-10-03,1.9915294326173272
2018-10-04,2.0542366282718203
2018-10-05,2.0675405924470667
2018-10-06,2.1475162017300624
2018-10-07,2.642612298558659
2018-10-08,2.3997153113925758
2018-10-09,2.4209211785447122
2018-10-10,2.5300715614551668
2018-10-11,2.585484426518695
2018-10-12,2.578095933991993
2018-10-13,2.5103332227594324
2018-10-14,3.0843837807000916
2018-10-15,2.700739897530484
2018-10-16,2.8217098310890596
2018-10-17,2.8289186914205255
2018-10-18,2.9119019450819814
2018-10-19,2.8412921543791407
2018-10-20,2.8300416196548173
2018-10-21,2.8801017165240834
2018-10-22,2.779237013080269
2018-10-23,2.879823262897361
2018-10-24,2.9595997195420143
2018-10-25,3.138679542881275
2018-10-26,3.0057219523267307
2018-10-27,2.7653828283781605
2018-10-28,3.442092358689869
2018-10-29,3.220489371930841
2018-10-30,3.133836373981436
2018-10-31,3.3058737441930206
2018-11-01,1.7136880334488882
2018-11-02,1.8597381901357781
2018-11-03,1.8769241242705932
2018-11-04,2.0648434252466155
2018-11-05,2.1487439920061813
2018-11-06,2.2894466060878673
2018-11-07,2.322903035064464
2018-11-08,2.3692230256250326
2018-11-09,2.4282027817928133
2018-11-10,2.447186214039151
2018-11-11,2.7357966666577367
2018-11-12,2.612474702895278
2018-11-13,2.668202920261833
2018-11-14,2.658921419301319
2018-11-15,2.6915022106118784
2018-11-16,2.773964137891464
2018-11-17,2.4956349591414586
2018-11-18,2.713475387344234
2018-11-19,2.207766940798832
2018-11-20,2.3930952831664483
2018-11-21,2.3753114412975713
2018-11-22,2.533954284548209
2018-11-23,2.5534731796240737
2018-11-24,2.3960970896462515
2018-11-25,3.1243185462047465
2018-11-26,2.657668971343415
2018-11-27,2.776611526922964
2018-11-28,2.56082298459161
2018-11-29,2.704829815860901
2018-11-30,2.9083778495056065
2018-12-01,1.5345712495802084
2018-12-02,1.8733147147178206
2018-12-03,1.9777073063301969
2018-12-04,2.0991118572363443
2018-12-05,2.166581947002121
2018-12-06,2.29648833017786
2018-12-07,2.297926183647858
2018-12-08,2.3763072254824715
2018-12-09,2.6376004948204033
2018-12-10,2.507303200738136
2018-12-11,2.5783185416665177
2018-12-12,2.605649864300972
2018-12-13,2.6464353234016524
2018-12-14,2.6393593568721814
2018-12-15,2.659708261473833
2018-12-16,2.9330812283124033
2018-12-17,2.667231795354915
2018-12-18,2.948118934213125
2018-12-19,2.7524042026731554
2018-12-20,2.8531189844188622
2018-12-21,2.8239253545472383
2018-12-22,2.962570515901504
2018-12-23,3.24729008754048
2018-12-24,2.6941873591288634
2018-12-25,3.073233821314181
2018-12-26,3.1028283083571853
2018-12-27,2.927063062751608
2018-12-28,3.0359080195902113
2018-12-29,2.893151878352489
2018-12-30,3.263141180316144
2018-12-31,2.867681340402317
2019-01-01,1.4928612891651276
2019-01-02,1.7416105446375971
2019-01-03,1.871459285562043
2019-01-04,1.9425603642414428
2019-01-05,1.987819144776879
2019-01-06,2.318233086185122
2019-01-07,2.2400981861719806
2019-01-08,2.3111204411802104
2019-01-09,2.4456254273764215
2019-01-10,2.506722218994269
2019-01-11,2.472211689744443
2019-01-12,2.5482911708816007
2019-01-13,2.9253687115898726
2019-01-14,2.7279126700299736
2019-01-15,2.6888077896620084
2019-01-16,2.8197537707830094
2019-01-17,2.8650937787210866
2019-01-18,2.8070826924984438
2019-01-19,2.960577699212738
2019-01-20,3.533398527141814
2019-01-21,3.1725443073389052
2019-01-22,3.1151780184605697
2019-01-23,3.187014820689769
2019-01-24,3.2129863451440084
2019-01-25,3.1439423685486645
2019-01-26,3.280796900903597
2019-01-27,3.513037428075494
2019-01-28,3.2955372374756218
2019-01-29,3.207195327456954
2019-01-30,3.237400331464827
2019-01-31,3.233843105749579
2019-02-01,1.7697369098389308
2019-02-02,1.8401943487623225
2019-02-03,2.156911990387775
2019-02-04,2.015480761339006
2019-02-05,2.2964797261449506
2019-02-06,2.3577458103433466
2019-02-07,2.491783265363521
2019-02-08,2.4787630281100137
2019-02-09,2.556485769779723
2019-02-10,2.844094818098801
2019-02-11,2.7178685852954603
2019-02-12,2.7748249294565257
2019-02-13,2.809786177306552
2019-02-14,2.8947129995711602
2019-02-15,2.9507699232852875
2019-02-16,2.9435747687230682
2019-02-17,3.277372624576967
2019-02-18,3.047722776097559
2019-02-19,3.0751487531874955
2019-02-20,3.0600040932151007
2019-02-21,2.9736323506521756
2019-02-22,3.1781869577646966
2019-02-23,3.1686061439454285
2019-02-24,3.560439977822737
2019-02-25,3.2612383122425093
2019-02-26,3.340668456841252
2019-02-27,3.2278211340424137
2019-02-28,3.3423057439821298
2019-03-01,1.7438388112734695
2019-03-02,1.840583442129053
2019-03-03,2.156466827929973
2019-03-04,2.2487904218577355
2019-03-05,2.3786236591808088
2019-03-06,2.434515926592857
2019-03-07,2.5089072125118532
2019-03-08,2.509588008806445
2019-03-09,2.5358958873965602
2019-03-10,2.8222864350206067
2019-03-11,2.754004544128288
2019-03-12,2.7783482395888406
2019-03-13,2.8111721540766674
2019-03-14,2.9890143096364152
2019-03-15,2.790869722134182
2019-03-16,2.908060015746782
2019-03-17,3.190616237775199
2019-03-18,3.007887950163693
2019-03-19,2.8658160859598936
2019-03-20,3.00894214517701
2019-03-21,3.2320440522878684
2019-03-22,3.063255334902455
2019-03-23,3.064049645779782
2019-03-24,3.498689921295457
2019-03-25,3.0855019408906905
2019-03-26,3.143613166458326
2019-03-27,3.183635443916478
2019-03-28,3.309430040687831
2019-03-29,3.118428734294197
2019-03-30,3.4844976188475143
2019-03-31,3.6139261742231756
2019-04-01,1.7733253773570201
2019-04-02,2.0387897775917434
2019-04-03,2.13875482132197
2019-04-04,2.295403219565425
2019-04-05,2.3412086674479333
2019-04-06,2.2363935713554506
2019-04-07,2.691889446860588
2019-04-08,2.484708102920164
2019-04-09,2.5688230796033538
2019-04-10,2.7030671363252763
2019-04-11,2.677396517870605
2019-04-12,2.8403970079419376
2019-04-13,2.6873641233224266
2019-04-14,3.070502308357404
2019-04-15,2.826782580972627
2019-04-16,2.901674741118052
2019-04-17,2.82672878120193
2019-04-18,2.975255196647008
2019-04-19,2.944986865808206
2019-04-20,3.0883607358885277
2019-04-21,3.421000884494114
2019-04-22,3.0269659309488204
2019-04-23,3.0832817210088037
2019-04-24,3.0356258434474603
2019-04-25,3.064060933651018
2019-04-26,2.9566437815331805
2019-04-27,2.986183161354029
2019-04-28,3.6787804284230528
2019-04-29,3.248736336735917
2019-04-30,3.233301951995222
2019-05-01,1.5427921985506308
2019-05-02,1.9247944920890878
2019-05-03,2.0998210363418037
2019-05-04,2.0740332383082962
2019-05-05,2.3787069386481923
2019-05-06,2.360540706711256
2019-05-07,2.4313182279411705
2019-05-08,2.54773017861183
2019-05-09,2.516259724324025
2019-05-10,2.5715131010953485
2019-05-11,2.5423743920030133
2019-05-12,3.0379685072326423
2019-05-13,2.786542642212069
2019-05-14,2.8070026590087953
2019-05-15,2.8207496931688456
2019-05-16,2.8552397603648205
2019-05-17,2.892152790856575
2019-05-18,2.913480985454336
2019-05-19,3.271373947622041
2019-05-20,2.9098288159030004
2019-05-21,2.9465205630152758
2019-05-22,2.8980078261972446
2019-05-23,2.9229975839866373
2019-05-24,3.1739850963769736
2019-05-25,3.1159312685732474
2019-05-26,3.526797984126951
2019-05-27,3.3036036650559093
2019-05-28,3.1798657189289052
2019-05-29,3.2037527497070526
2019-05-30,3.353150618220458
2019-05-31,3.233282787125447
2019-06-01,1.6132660551314022
2019-06-02,1.9354449836945307
2019-06-03,2.0042572439757844
2019-06-04,2.154261262006892
2019-06-05,2.272404660904644
2019-06-06,2.376255704952834
2019-06-07,2.4113902698141314
2019-06-08,2.4033599167562327
2019-06-09,2.617754653200685
2019-06-10,2.581525894220976
2019-06-11,2.6128408708836326
2019-06-12,2.718518557944201
2019-06-13,2.7358666123517366
2019-06-14,2.6762095798722725
2019-06-15,2.7122782279148763
2019-06-16,3.1181728082418965
2019-06-17,2.886948644381649
2019-06-18,2.9381408000476195
2019-06-19,2.9459779227031038
2019-06-20,2.8806895751707025
2019-06-21,2.8528800501024802
2019-06-22,2.939720123055967
2019-06-23,3.390151623449477
2019-06-24,3.0170517342095056
2019-06-25,2.936512918196668
2019-06-26,3.1947995216109994
2019-06-27,3.101648892419822
2019-06-28,2.966687533958103
2019-06-29,3.203864563105865
2019-06-30,3.7435486018353865
2019-07-01,1.721691631428222
2019-07-02,1.9705244494026306
2019-07-03,2.1058277811264077
2019-07-04,2.180750016320953
2019-07-05,2.2231574241002976
2019-07-06,2.271993321315508
2019-07-07,2.6187580371732717
2019-07-08,2.510209407934013
2019-07-09,2.5416529186015233
2019-07-10,2.5542701609946064
2019-07-11,2.6568367489086238
2019-07-12,2.6907144556980085
2019-07-13,2.6235500858792222
2019-07-14,2.9577727616171643
2019-07-15,2.637068483181247
2019-07-16,2.8209085671888956
2019-07-17,2.8452485997883445
2019-07-18,2.8538877722419724
2019-07-19,2.8273469173884815
2019-07-20,2.9058125648311677
2019-07-21,3.2624219432196826
2019-07-22,3.178083433396654
2019-07-23,2.8787085191940736
2019-07-24,2.895619000973376
2019-07-25,3.047595919848392
2019-07-26,2.9501146148193973
2019-07-27,3.074788356663643
2019-07-28,3.4706415075202397
2019-07-29,3.188302981010028
2019-07-30,3.183247091771524
2019-07-31,3.10564383057765
2019-08-01,1.730943509605627
2019-08-02,1.8956518367171573
2019-08-03,1.9711255017262124
2019-08-04,2.2714276819163945
2019-08-05,2.222950373203286
2019-08-06,2.3641432316494004
2019-08-07,2.361375779793391
2019-08-08,2.429161794459243
2019-08-09,2.4770650233184974
2019-08-10,2.5206716614068045
2019-08-11,2.8528834824866243
2019-08-12,2.797803564161601
2019-08-13,2.833406709046842
2019-08-14,2.899490347955784
2019-08-15,2.8196744289530336
2019-08-16,2.8408706100397367
2019-08-17,2.6542072567756705
2019-08-18,3.1862657732784565
2019-08-19,3.0310259326053477
2019-08-20,3.130254093790265
2019-08-21,3.006889665627478
2019-08-22,2.953805154716738
2019-08-23,3.0727935471577137
2019-08-24,3.0719236696479477
2019-08-25,3.5833371674351193
2019-08-26,3.183114576001671
2019-08-27,3.205581750279355
2019-08-28,3.2794250910376697
2019-08-29,3.1887803362052445
2019-08-30,3.207745179185332
2019-08-31,3.12199230004414
2019-09-01,1.6708811132831851
2019-09-02,1.8668192433635498
2019-09-03,2.0987985207597495
2019-09-04,2.1856593437835454
2019-09-05,2.2726851705450386
2019-09-06,2.330524494171959
2019-09-07,2.3862886791298883
2019-09-08,2.7550830163446074
2019-09-09,2.5934545812019736
2019-09-10,2.5571773806545823
2019-09-11,2.642646884924936
2019-09-12,2.6414833731282847
2019-09-13,2.6825991504178544
2019-09-14,2.6373899819969493
2019-09-15,3.0767174304274487
2019-09-16,2.720453182175701
2019-09-17,2.9325848083893797
2019-09-18,2.9525881757396535
2019-09-19,3.08005606384035
2019-09-20,2.9283076946019584
2019-09-21,2.9559955034948597
2019-09-22,3.456622969659919
2019-09-23,3.117795570569764
2019-09-24,3.1591603546907314
2019-09-25,3.180711424234457
2019-09-26,3.140170168693281
2019-09-27,3.158169687177886
2019-09-28,3.2449701334395433
2019-09-29,3.7087148570409436
2019-09-30,3.1945053141037465
2019-10-01,1.777073622606929
2019-10-02,1.9730394126065478
2019-10-03,2.0755395255903473
2019-10-04,2.1846784443983958
2019-10-05,2.254981961489141
2019-10-06,2.586734271166981
2019-10-07,2.4247127493553005
2019-10-08,2.5162349375059097
2019-10-09,2.624332897581116
2019-10-10,2.706132464308992
2019-10-11,2.6963946179988105
2019-10-12,2.6966827008518197
2019-10-13,3.092362649005207
2019-10-14,2.9647061390255494
2019-10-15,2.9144113746321865
2019-10-16,2.9367286919690225
2019-10-17,2.9928917180577495
2019-10-18,3.059036608185868
2019-10-19,2.9320201148892915
2019-10-20,3.241463992296097
2019-10-21,3.1868071262898265
2019-10-22,3.0283031459350296
2019-10-23,3.130455368113531
2019-10-24,3.1886970008779425
2019-10-25,3.3485926988009336
2019-10-26,3.184092813682048
2019-10-27,3.6724858377722347
2019-10-28,3.252420558525288
2019-10-29,3.2396168813471355
2019-10-30,3.320571420084899
2019-10-31,3.291208981399862
2019-11-01,1.7394036526318577
2019-11-02,1.7615220457656378
2019-11-03,2.1998832819312706
2019-11-04,2.159426100788205
2019-11-05,2.2372158922833276
2019-11-06,2.3526490643452314
2019-11-07,2.435635283525645
2019-11-08,2.4794642819673487
2019-11-09,2.5214853153580266
2019-11-10,2.8441567565628807
2019-11-11,2.659802577122299
2019-11-12,2.650433480770764
2019-11-13,2.7113255662880738
2019-11-14,2.7218631011514436
2019-11-15,2.775211327893977
2019-11-16,2.7804751126117275
2019-11-17,3.1640453429526345
2019-11-18,2.8739893110514427
2019-11-19,2.928194577905782
2019-11-20,3.0389754642704054
2019-11-21,3.018019871758191
2019-11-22,2.908129401170696
2019-11-23,2.969415675807868
2019-11-24,3.50324198252475
2019-11-25,3.156712433111962
2019-11-26,3.0617857775249964
2019-11-27,3.2782138101029767
2019-11-28,3.1219308140070794
2019-11-29,3.254015144487256
2019-11-30,3.396977972918397
2019-12-01,1.6463201966914167
2019-12-02,1.8966645720793927
2019-12-03,2.0966045750932354
2019-12-04,2.2376810191504535
2019-12-05,2.3489549593913606
2019-12-06,2.393217938856934
2019-12-07,2.3955287495853645
2019-12-08,2.657100164009233
2019-12-09,2.502230976020081
2019-12-10,2.601406270632777
2019-12-11,2.6268310607615923
2019-12-12,2.6168084180946063
2019-12-13,2.6515289891431753
2019-12-14,2.644398028869067
2019-12-15,3.146050968678025
2019-12-16,2.7872939898105082
2019-12-17,2.8640669090886246
2019-12-18,2.8678875143990648
2019-12-19,2.9106163980206246
2019-12-20,2.7878594166478483
2019-12-21,2.791706894109807
2019-12-22,3.2564864877864337
2019-12-23,3.033706728670649
2019-12-24,2.9631031392623965
2019-12-25,3.174111034022435
2019-12-26,3.062170008160881
2019-12-27,3.0889284058694724
2019-12-28,2.8642549566202526
2019-12-29,3.5803810638215023
2019-12-30,2.9787673343782757
2019-12-31,3.085685624412042
2020-01-01,1.5349399298427735
2020-01-02,1.680447093100189
2020-01-03,1.856500511516676
2020-01-04,1.9047980108404263
2020-01-05,2.1174210040153754
2020-01-06,2.0633473116195105
2020-01-07,2.185904615591939
2020-01-08,2.289262733680138
2020-01-09,2.34205657031942
2020-01-10,2.415567428689729
2020-01-11,2.443459768018338
2020-01-12,2.822175964924526
2020-01-13,2.604292594639454
2020-01-14,2.621073807040744
2020-01-15,2.65134126496865
2020-01-16,2.837593203206306
2020-01-17,2.8354683921841546
2020-01-18,2.786754924963064
2020-01-19,3.285073997526475
2020-01-20,2.8479349675605876
2020-01-21,3.036350295365004
2020-01-22,2.9945632795920307
2020-01-23,2.981363527615684
2020-01-24,2.9471204091158776
2020-01-25,2.9266811847197345
2020-01-26,3.499776628361354
2020-01-27,3.1739010321262677
2020-01-28,3.29274479661644
2020-01-29,3.2341848324367786
2020-01-30,3.211886696022375
2020-01-31,3.1227190918540515
2020-02-01,1.5940716216056345
2020-02-02,1.9363503713785428
2020-02-03,1.6751554916167966
2020-02-04,1.9878569826585146
2020-02-05,2.1732323151014614
2020-02-06,2.2256731316528215
2020-02-07,2.3137338458817296
2020-02-08,2.344349735028001
2020-02-09,2.5962605754194517
2020-02-10,2.568970184183676
2020-02-11,2.5493284755933394
2020-02-12,2.650741813072834
2020-02-13,2.6992001986929903
2020-02-14,2.6448262530160425
2020-02-15,2.7187654377204837
2020-02-16,2.995303519057338
2020-02-17,2.960727856447404
2020-02-18,2.7724273179406533
2020-02-19,2.719729401168269
2020-02-20,2.822645394774536
2020-02-21,2.9183959880134407
2020-02-22,2.873477494723712
2020-02-23,3.320924830411258
2020-02-24,3.1343903079107074
2020-02-25,3.1514863949628453
2020-02-26,3.1523868378937556
2020-02-27,3.051490599692327
2020-02-28,3.1039151451423153
2020-02-29,3.066554620319993
2020-03-01,1.6813474463517097
2020-03-02,1.9343646346731564
2020-03-03,2.082433305220906
2020-03-04,2.217083862080985
2020-03-05,2.307192875698698
2020-03-06,2.3535515653978667
2020-03-07,2.370730274516422
2020-03-08,2.7106153280573486
2020-03-09,2.6261248114157856
2020-03-10,2.593449378915157
2020-03-11,2.6078925259236394
2020-03-12,2.818114096184795
2020-03-13,2.526445489204412
2020-03-14,2.7474500121190064
2020-03-15,2.97180524678617
2020-03-16,2.8745990578774747
2020-03-17,2.8334717136325795
2020-03-18,2.857698880127827
2020-03-19,2.871825424993084
2020-03-20,2.9679358999269034
2020-03-21,3.116968337545361
2020-03-22,3.2669331284445797
2020-03-23,2.8881837170040776
2020-03-24,2.9364965254801194
2020-03-25,2.998523478530299
2020-03-26,3.1765034000604113
2020-03-27,2.802417528370551
2020-03-28,2.9840219470960445
2020-03-29,3.0355566882632092
2020-03-30,3.110508660921537
2020-03-31,3.04186242355621
2020-04-01,1.7061436601957372
2020-04-02,1.8015680867059443
2020-04-03,1.8324294989297176
2020-04-04,1.8206782694317603
2020-04-05,1.947270904133425
2020-04-06,1.947964948873724
2020-04-07,1.9922247997057227
2020-04-08,2.027192658587138
2020-04-09,2.035442072375808
2020-04-10,2.1734415510846032
2020-04-11,2.18833295345831
2020-04-12,2.190856945555905
2020-04-13,2.229445789019843
2020-04-14,2.0810537625192236
2020-04-15,2.1725743668069097
2020-04-16,2.2265918356589585
2020-04-17,2.188484204992151
2020-04-18,2.2739537616617658
2020-04-19,2.4238202473821406
2020-04-20,2.373501146273956
2020-04-21,2.4614852279245487
2020-04-22,2.3110263802475095
2020-04-23,2.3798962430546875
2020-04-24,2.339729323946259
2020-04-25,2.308320539166258
2020-04-26,2.4173699238609805
2020-04-27,2.3046944580376985
2020-04-28,2.3596942271555084
2020-04-29,2.4449298986326373
2020-04-30,2.4266479146865607
2020-05-01,1.5320296118805494
2020-05-02,1.6731480236350538
2020-05-03,1.7279015654286376
2020-05-04,1.8839309199887966
2020-05-05,1.9584819160970224
2020-05-06,1.9690328805903532
2020-05-07,1.9773363716860608
2020-05-08,1.9821640267576686
2020-05-09,1.9807886075820147
2020-05-10,2.1861121041550375
2020-05-11,2.2393842629442187
2020-05-12,2.2003391895957667
2020-05-13,2.1589539482698625
2020-05-14,2.2562650577101993
2020-05-15,2.235881584218249
2020-05-16,2.205648203452703
2020-05-17,2.249102290208899
2020-05-18,2.419689306014299
2020-05-19,2.4318428379159838
2020-05-20,2.2929975921896855
2020-05-21,2.455761159240675
2020-05-22,2.44328295351884
2020-05-23,2.4596005604095326
2020-05-24,2.7639670797652753
2020-05-25,2.4813901898058512
2020-05-26,2.535084731151829
2020-05-27,2.576429440293988
2020-05-28,2.4922237290022187
2020-05-29,2.516102922385937
2020-05-30,2.577408920744656
2020-05-31,2.9238116223038806
2020-06-01,1.688312632420431
2020-06-02,1.838592424809652
2020-06-03,1.9249485727583866
2020-06-04,1.9479353611508539
2020-06-05,2.014039207500869
2020-06-06,1.979284096795302
2020-06-07,2.125218700511117
2020-06-08,2.212522357412196
2020-06-09,2.220540906944438
2020-06-10,2.2494950034195287
2020-06-11,2.252407779932358
2020-06-12,2.3409799442513837
2020-06-13,2.3378223602185675
2020-06-14,2.460978095693756
2020-06-15,2.3286452840868095
2020-06-16,2.463797822223793
2020-06-17,2.527957755903532
2020-06-18,2.407864350804491
2020-06-19,2.475086541327713
2020-06-20,2.5414535390198023
2020-06-21,2.6027133095830686
2020-06-22,2.631073379494688
2020-06-23,2.633900618949252
2020-06-24,2.538751972553631
2020-06-25,2.4571762778259307
2020-06-26,2.7032814827888703
2020-06-27,2.6599365099401235
2020-06-28,2.745410544141571
2020-06-29,2.570856747537614
2020-06-30,2.7488745934676744
2020-07-01,1.7142185772787277
2020-07-02,1.8017712861467161
2020-07-03,1.9167426263255154
2020-07-04,1.9442457051927124
2020-07-05,1.9952173808286624
2020-07-06,2.236233270019039
2020-07-07,2.1441137812740596
2020-07-08,2.1278291317297477
2020-07-09,2.1825191845860448
2020-07-10,2.3056615655512536
2020-07-11,2.292205819772403
2020-07-12,2.348156885175054
2020-07-13,2.47836414808705
2020-07-14,2.3476285352684014
2020-07-15,2.3900892730535035
2020-07-16,2.43936814416035
2020-07-17,2.484146465824973
2020-07-18,2.510991359213176
2020-07-19,2.7609726566474673
2020-07-20,2.6303574948419453
2020-07-21,2.51792327455834
2020-07-22,2.661913785217689
2020-07-23,2.383207534126984
2020-07-24,2.4104939110115633
2020-07-25,2.7670410481463774
2020-07-26,2.7273261750883537
2020-07-27,2.6625002241991336
2020-07-28,2.7082664921023762
2020-07-29,2.5769743014081246
2020-07-30,2.7887739420826487
2020-07-31,2.678588310275781
2020-08-01,1.6127616054526095
2020-08-02,1.7526713668572964
2020-08-03,1.9131205791344503
2020-08-04,2.025224581221955
2020-08-05,2.0107554537996264
2020-08-06,2.1023141862897967
2020-08-07,2.2094987670816906
2020-08-08,2.2272256960103634
2020-08-09,2.2726567860396916
2020-08-10,2.3256509228153033
2020-08-11,2.2859972102867276
2020-08-12,2.262841656588217
2020-08-13,2.425819321262042
2020-08-14,2.345807202295028
2020-08-15,2.3069626677063146
2020-08-16,2.3959673568493733
2020-08-17,2.493682902964132
2020-08-18,2.5627575955803317
2020-08-19,2.5922399871822606
2020-08-20,2.603032494295467
2020-08-21,2.584621661704295
2020-08-22,2.690614494700342
2020-08-23,2.733957559083751
2020-08-24,2.65191702900604
2020-08-25,2.7395193664600352
2020-08-26,2.801127270292032
2020-08-27,2.8230216198298894
2020-08-28,2.687393043123321
2020-08-29,2.7260248404919993
2020-08-30,2.902764155698959
2020-08-31,2.7855193065039727
2020-09-01,1.7291023633801932
2020-09-02,1.9503320507936028
2020-09-03,2.0600136652255725
2020-09-04,2.0763272841433484
2020-09-05,2.0337616536305223
2020-09-06,2.16432565465815
2020-09-07,2.2185308642752535
2020-09-08,2.361479737076027
2020-09-09,2.411985880885635
2020-09-10,2.293944947137728
2020-09-11,2.1790454036273497
2020-09-12,2.2850205480228216
2020-09-13,2.419686234811066
2020-09-14,2.3895141139422336
2020-09-15,2.370654771976825
2020-09-16,2.5022295850535463
2020-09-17,2.536700469887064
2020-09-18,2.3862434013773557
2020-09-19,2.6793097809002835
2020-09-20,2.6018280271424783
2020-09-21,2.4347802043065125
2020-09-22,2.698652798108756
2020-09-23,2.6436042135300797
2020-09-24,2.6188471320068145
2020-09-25,2.6636077661848234
2020-09-26,2.7129423566307183
2020-09-27,2.8254573014231794
2020-09-28,2.7619931511380362
2020-09-29,2.7604909719840984
2020-09-30,2.696372214056513
2020-10-01,1.6986169685739487
2020-10-02,1.7759137174435946
2020-10-03,1.8241353619682874
2020-10-04,2.0306604261364622
2020-10-05,2.0646047115373176
2020-10-06,2.1626151130837887
2020-10-07,2.221029345115529
2020-10-08,2.259961425064657
2020-10-09,2.261646744796154
2020-10-10,2.2398958195673373
2020-10-11,2.5145732411960875
2020-10-12,2.571592665783771
2020-10-13,2.5142406688841223
2020-10-14,2.350332429561649
2020-10-15,2.5055719990695358
2020-10-16,2.4974614876715377
2020-10-17,2.399640301092807
2020-10-18,2.8583402645823814
2020-10-19,2.528814504166327
2020-10-20,2.6242625703880127
2020-10-21,2.647306699673423
2020-10-22,2.609992500682452
2020-10-23,2.769998021859434
2020-10-24,2.771360483563875
2020-10-25,2.802826143534209
2020-10-26,2.8458394524974877
2020-10-27,2.655217873057813
2020-10-28,2.7074504076927504
2020-10-29,2.7158655449631337
2020-10-30,2.7878276804870374
2020-10-31,3.2673424499603763
2020-11-01,1.73804975735974
2020-11-02,1.7455906068427591
2020-11-03,1.9338035888990732
2020-11-04,1.9750233601030966
2020-11-05,2.0688417923077655
2020-11-06,2.043554241866762
2020-11-07,2.2944378964454524
2020-11-08,2.350692372001404
2020-11-09,2.2036215193188218
2020-11-10,2.2927459894328406
2020-11-11,2.2493306452588913
2020-11-12,2.3029400505765
2020-11-13,2.3001601619126424
2020-11-14,2.273897135863874
2020-11-15,2.3091865927217157
2020-11-16,2.4357863392182115
2020-11-17,2.4706956911348676
2020-11-18,2.4855226781677127
2020-11-19,2.5476333359957253
2020-11-20,2.4847449843886444
2020-11-21,2.4825413185700924
2020-11-22,2.7286020637938173
2020-11-23,2.601838979650898
2020-11-24,2.6171136375888215
2020-11-25,2.627516815935645
2020-11-26,2.697466556216368
2020-11-27,2.734692624765745
2020-11-28,2.645380869649304
2020-11-29,2.978354311195072
2020-11-30,2.754428565790191
2020-12-01,1.6700313992228242
2020-12-02,1.8554481300453305
2020-12-03,1.973007235733668
2020-12-04,1.964648990865044
2020-12-05,1.9850961651843932
2020-12-06,2.1852538679699616
2020-12-07,2.128868080979979
2020-12-08,2.2027404534710695
2020-12-09,2.2745435641132694
2020-12-10,2.2750986550228647
2020-12-11,2.3006693877175484
2020-12-12,2.3500491790238054
2020-12-13,2.609951925830663
2020-12-14,2.4575283576683282
2020-12-15,2.4460033129913232
2020-12-16,2.4202407480530117
2020-12-17,2.447750647100908
2020-12-18,2.4902027259177135
2020-12-19,2.5745358325273484
2020-12-20,2.955050753936767
2020-12-21,2.739916285125895
2020-12-22,2.5331672898063635
2020-12-23,2.5623362142985857
2020-12-24,2.6090046645540728
2020-12-25,3.075111483693743
2020-12-26,2.5474723921699165
2020-12-27,2.8867211172725935
2020-12-28,2.7598937982641245
2020-12-29,2.8684705123339014
2020-12-30,2.584170026842045
2020-12-31,2.4884917521507712
2021-01-01,1.590481789950888
2021-01-02,1.627654257348204
2021-01-03,1.8167829903912005
2021-01-04,1.8650687619619302
2021-01-05,1.8950237854922338
2021-01-06,2.0121303302246565
2021-01-07,2.1388194736325725
2021-01-08,2.1321254125268636
2021-01-09,2.056324504116521
2021-01-10,2.3496347371669546
2021-01-11,2.2232914345249295
2021-01-12,2.2836765155103222
2021-01-13,2.294076637350355
2021-01-14,2.408682478705894
2021-01-15,2.2473848417377855
2021-01-16,2.4247387289307403
2021-01-17,2.4556023615409717
2021-01-18,2.5066314176395577
2021-01-19,2.4758736101876084
2021-01-20,2.5167495548204144
2021-01-21,2.527974320087619
2021-01-22,2.5094348185537014
2021-01-23,2.623951973449079
2021-01-24,2.7163805187798893
2021-01-25,2.6033551772461396
2021-01-26,2.6765240172594353
2021-01-27,2.740364593887043
2021-01-28,2.554309220750566
2021-01-29,2.6425184555592756
2021-01-30,2.661512469608625
2021-01-31,3.154411147711768
2021-02-01,1.5425109745789813
2021-02-02,1.8176148152491896
2021-02-03,1.888786939503138
2021-02-04,1.975921506179623
2021-02-05,2.0180890400856164
2021-02-06,2.044197650717305
2021-02-07,2.083363989257827
2021-02-08,2.1872563571218473
2021-02-09,2.202278754437148
2021-02-10,2.2792832972518147
2021-02-11,2.405393935407861
2021-02-12,2.273914831384018
2021-02-13,2.3289142969908068
2021-02-14,2.515160547114035
2021-02-15,2.3970074398938785
2021-02-16,2.4714447269630764
2021-02-17,2.4809195556733754
2021-02-18,2.532868485036133
2021-02-19,2.574694954706671
2021-02-20,2.660052251612177
2021-02-21,2.78263407162527
2021-02-22,2.5633742127962402
2021-02-23,2.690868257020206
2021-02-24,2.6150073949164745
2021-02-25,2.7267884020719033
2021-02-26,2.5454732854509907
2021-02-27,2.7535567775354695
2021-02-28,3.255630906238752
2021-03-01,1.697102406709225
2021-03-02,1.8940390949462627
2021-03-03,1.9770267423997665
2021-03-04,2.069224709453181
2021-03-05,2.0876692287234704
2021-03-06,2.1087962720726052
2021-03-07,2.42487653977593
2021-03-08,2.3407981978306016
2021-03-09,2.2453827708337886
2021-03-10,2.3643511213726844
2021-03-11,2.426874468814137
2021-03-12,2.353633447970375
2021-03-13,2.3119304794673066
2021-03-14,2.6346339299609363
2021-03-15,2.386962261112294
2021-03-16,2.4475780290442626
2021-03-17,2.475186956190407
2021-03-18,2.5106543073770653
2021-03-19,2.6144487704130817
2021-03-20,2.615154554017277
2021-03-21,2.886404767460338
2021-03-22,2.7325112770530278
2021-03-23,2.731462213126867
2021-03-24,2.7670776629867118
2021-03-25,2.6008227534496733
2021-03-26,2.6808029022365134
2021-03-27,2.9631318295688995
2021-03-28,3.049408000378561
2021-03-29,2.856897074280165
2021-03-30,2.939062417391705
2021-03-31,2.9856098835296305
2021-04-01,1.6594704335468902
2021-04-02,1.7033809292688402
2021-04-03,1.7948703613632093
2021-04-04,1.9691549414009344
2021-04-05,2.0393074590541636
2021-04-06,2.083000816822777
2021-04-07,2.1257555763719056
2021-04-08,2.2299055938286148
2021-04-09,2.2410023909915253
2021-04-10,2.220044093759163
2021-04-11,2.3564623207706705
2021-04-12,2.4415675051777592
2021-04-13,2.3802718737312394
2021-04-14,2.3448503493457085
2021-04-15,2.4685241287779034
2021-04-16,2.4349922130285617
2021-04-17,2.4932613923250533
2021-04-18,2.732533733559291
2021-04-19,2.5744697823004614
2021-04-20,2.633172653098231
2021-04-21,2.6087587248051864
2021-04-22,2.652669462199118
2021-04-23,2.6124624423067284
2021-04-24,2.6553983302975803
2021-04-25,2.9241458339733852
2021-04-26,2.75651595148474
2021-04-27,2.8216174658209825
2021-04-28,2.7943674127879183
2021-04-29,2.723598915099216
2021-04-30,2.6558156222091607
2021-05-01,1.5699397001194195
2021-05-02,1.822750222971896
2021-05-03,1.9562664179699119
2021-05-04,2.0452013548301458
2021-05-05,2.08649588464481
2021-05-06,2.1818284423945205
2021-05-07,2.219121123694128
2021-05-08,2.148280751617506
2021-05-09,2.3091032149176294
2021-05-10,2.329521978913804
2021-05-11,2.331670383919834
2021-05-12,2.4371265701299576
2021-05-13,2.5227628387138727
2021-05-14,2.4039944316862667
2021-05-15,2.4086369718267435
2021-05-16,2.750854276915351
2021-05-17,2.615019466965024
2021-05-18,2.56962062119806
2021-05-19,2.686341879070877
2021-05-20,2.66068245105606
2021-05-21,2.5435849107773603
2021-05-22,2.826928189199482
2021-05-23,2.9420966251842016
2021-05-24,2.7909187139591505
2021-05-25,2.7442557584452536
2021-05-26,2.718242570570778
2021-05-27,2.83632391007231
2021-05-28,2.747949663245334
2021-05-29,2.894163932055004
2021-05-30,3.076153691398597
2021-05-31,2.9129539713358246
2021-06-01,1.734063022371877
2021-06-02,1.9166384859507666
2021-06-03,1.9584050658215928
2021-06-04,2.042858645077989
2021-06-05,2.1460746311899297
2021-06-06,2.378249677423752
2021-06-07,2.2905374802554337
2021-06-08,2.3273606622355616
2021-06-09,2.422463156679493
2021-06-10,2.469061441990484
2021-06-11,2.474873482023149
2021-06-12,2.514357213598003
2021-06-13,2.8064308971885485
2021-06-14,2.5186659352486886
2021-06-15,2.5332642600841497
2021-06-16,2.537257429693361
2021-06-17,2.6346211857626236
2021-06-18,2.685052654924054
2021-06-19,2.4638793348225136
2021-06-20,2.9570922357529117
2021-06-21,2.646792711276146
2021-06-22,2.8149617594347918
2021-06-23,2.9372383407972413
2021-06-24,2.7596013372518144
2021-06-25,2.922722980908566
2021-06-26,2.7727088238956137
2021-06-27,3.192729141064008
2021-06-28,2.9395399136809433
2021-06-29,2.964662684303624
2021-06-30,2.800516209161045
2021-07-01,1.6438931064989633
2021-07-02,1.8840125112178838
2021-07-03,1.9526843712236892
2021-07-04,2.24656166791914
2021-07-05,2.148531373644634
2021-07-06,2.2509759901329853
2021-07-07,2.3654277820567904
2021-07-08,2.3234982867668026
2021-07-09,2.3019853433310105
2021-07-10,2.356149096272863
2021-07-11,2.6250447939331765
2021-07-12,2.377953924041673
2021-07-13,2.4505528135595283
2021-07-14,2.4647108140535297
2021-07-15,2.5431203865138956
2021-07-16,2.373690530502871
2021-07-17,2.5155365445899256
2021-07-18,3.0224528372698614
2021-07-19,2.663475336813856
2021-07-20,2.7737347737189824
2021-07-21,2.7660953371896775
2021-07-22,2.7225684215258084
2021-07-23,2.7206488382068525
2021-07-24,2.6610797152987478
2021-07-25,3.078687776753563
2021-07-26,2.8696900855538936
2021-07-27,2.8601708047039347
2021-07-28,2.9378860361043473
2021-07-29,2.887514183507613
2021-07-30,2.7155961938849886
2021-07-31,3.066564629968214
2021-08-01,1.6320390275482612
2021-08-02,1.8329334469905723
2021-08-03,1.9063589990037744
2021-08-04,2.018264329700747
2021-08-05,2.120372449331602
2021-08-06,2.0889490261926196
2021-08-07,2.209899677872997
2021-08-08,2.4091895411015622
2021-08-09,2.3536046275505447
2021-08-10,2.399692732409227
2021-08-11,2.42383133305847
2021-08-12,2.457395348647692
2021-08-13,2.504844084027843
2021-08-14,2.478703725161245
2021-08-15,2.8186265520801244
2021-08-16,2.584146397265225
2021-08-17,2.551060871834172
2021-08-18,2.623908865311603
2021-08-19,2.665442511684768
2021-08-20,2.60008567485989
2021-08-21,2.84426244691431
2021-08-22,3.0016011433368504
2021-08-23,2.7723789332152498
2021-08-24,2.6886640837074522
2021-08-25,2.9291878619909113
2021-08-26,2.8877940269792464
2021-08-27,2.806750973510348
2021-08-28,2.808437955640612
2021-08-29,3.2478679107754895
2021-08-30,2.969197089715421
2021-08-31,2.934837667291259
2021-09-01,1.6979971795630489
2021-09-02,1.8477260310404244
2021-09-03,1.86296243165727
2021-09-04,1.9714084976775732
2021-09-05,2.277543527216702
2021-09-06,2.1855768580842154
2021-09-07,2.233014623683836
2021-09-08,2.4092677494456405
2021-09-09,2.4219591488910375
2021-09-10,2.4149410200909163
2021-09-11,2.4098811244274176
2021-09-12,2.8656678140481944
2021-09-13,2.542630007491209
2021-09-14,2.490831688527242
2021-09-15,2.5756486589151684
2021-09-16,2.594651300542152
2021-09-17,2.535598955678595
2021-09-18,2.4998161024980865
2021-09-19,2.848477038409805
2021-09-20,2.6242962824401923
2021-09-21,2.7509976066612123
2021-09-22,2.8651265781725384
2021-09-23,2.7652623780894126
2021-09-24,2.7706333482059904
2021-09-25,2.627986799248123
2021-09-26,3.180302280449961
2021-09-27,2.9479037159024966
2021-09-28,2.9060151340872284
2021-09-29,2.897737924686151
2021-09-30,2.9029459961036723
2021-10-01,1.69400630214519
2021-10-02,1.8377653093753548
2021-10-03,2.0749183489473837
2021-10-04,2.0938858699268246
2021-10-05,2.142417860665847
2021-10-06,2.317076647560872
2021-10-07,2.255805648908989
2021-10-08,2.439956736443788
2021-10-09,2.317624517017209
2021-10-10,2.836662674548988
2021-10-11,2.4322499872940075
2021-10-12,2.55975458465371
2021-10-13,2.649712913987203
2021-10-14,2.6567440501727946
2021-10-15,2.54037311690366
2021-10-16,2.656835726007867
2021-10-17,3.0872636173203585
2021-10-18,2.736523557861938
2021-10-19,2.714875074961233
2021-10-20,2.837999099184021
2021-10-21,2.837427266956666
2021-10-22,2.8360552374086994
2021-10-23,2.7072373282121
2021-10-24,3.1803121260633143
2021-10-25,2.7691048164601106
2021-10-26,2.8918848091936487
2021-10-27,2.9492184106154187
2021-10-28,2.9613920355647854
2021-10-29,3.1585449073226406
2021-10-30,3.072149815933096
2021-10-31,3.285429096002194
